Date,Ports,1,2,3,4,5,6,7,8,9,10,11,12,13,14,15,16,17,18,19,20,21,22,23,24
6/1/2017,15,0.14,0.15,0.14,0.14,0.18,0.11,0.14,4.04,2.05,0.68,2.24,0.26,0.14,1.32,2.6,1.65,0.18,0.11,0.15,0.18,0.11,0.14,0.18,0.1
6/2/2017,15,0.15,0.14,0.14,0.14,0.18,0.11,0.14,0.18,0.11,0.14,0.18,0.11,2.37,2.94,0.11,0.14,0.18,0.11,0.15,0.17,0.11,0.14,0.18,0.11
6/3/2017,15,0.14,0.14,0.14,0.15,0.17,0.11,0.15,0.19,0.11,0.14,0.19,0.1,0.15,0.18,0.11,0.14,0.18,0.11,0.15,0.18,0.1,0.15,0.18,0.1
6/4/2017,15,0.15,0.14,0.14,0.15,0.17,0.11,0.15,0.19,0.11,0.14,0.19,0.11,0.14,0.19,0.1,0.15,0.19,0.11,0.14,0.18,0.11,0.15,0.18,0.1
6/5/2017,15,0.15,0.14,0.14,0.14,0.18,0.11,0.14,3.35,0.81,0.15,0.17,0.11,0.14,0.18,0.11,0.14,0.18,0.11,0.14,0.17,0.11,0.14,0.18,0.11
6/6/2017,15,0.14,0.14,0.15,0.14,0.17,0.11,0.15,2.68,4.14,6.43,3.35,0.16,0.14,0.18,0.1,0.15,0.9,0.11,0.15,0.17,0.11,0.14,0.18,0.11
6/7/2017,15,0.15,0.14,0.14,0.14,0.18,0.11,0.14,2.98,1.5,1.79,0.18,0.11,0.14,0.18,1.56,3.13,0.32,0.11,0.14,0.17,0.11,0.14,0.18,0.11
6/8/2017,15,0.14,0.15,0.14,0.14,0.18,0.11,0.14,5.96,7.69,6.25,4.64,7.71,21.74,1.78,0.11,0.14,0.18,0.11,0.15,0.17,0.11,0.14,0.18,0.11
6/9/2017,15,0.14,0.14,0.15,0.14,0.17,0.11,1.75,1.78,0.11,0.54,0.18,0.11,0.14,0.18,0.1,0.14,0.19,0.1,0.15,0.18,0.1,0.15,0.18,0.1
6/10/2017,15,0.14,0.15,0.14,0.14,0.18,0.11,0.14,0.19,0.1,0.15,0.19,0.11,0.14,0.18,0.11,0.15,0.19,0.11,0.14,0.18,0.11,0.14,0.18,0.11
6/11/2017,15,0.14,0.15,0.14,0.14,0.18,0.11,0.15,0.19,0.11,0.15,0.18,0.11,0.15,0.18,0.11,0.15,0.19,0.11,0.14,0.18,0.11,0.14,0.18,0.11
6/12/2017,15,0.14,0.14,0.14,0.14,0.18,0.11,0.15,5.39,2.02,0.17,0.58,0.11,2.79,0.79,0.11,0.14,0.19,0.11,0.14,0.18,0.11,0.14,0.18,0.11
6/13/2017,15,0.14,0.15,0.14,0.14,0.18,0.1,0.55,2.25,2.61,0.36,0.17,0.11,0.14,5.59,6.89,6.55,7.78,4.91,3.34,0.58,0.1,0.15,0.17,0.11
6/14/2017,15,0.14,0.14,0.14,0.14,0.18,0.11,0.15,3.4,0.83,0.15,0.17,0.11,2.62,0.31,4.1,31.08,11.28,0.11,0.15,0.17,0.11,0.14,0.17,0.11
6/15/2017,15,0.14,0.15,0.14,0.14,0.18,0.1,0.15,2.75,2.16,4.79,5.42,2.51,3.74,4.72,1.38,24.16,8.96,2.91,0.14,0.18,0.1,0.14,0.18,0.1
6/16/2017,15,0.15,0.14,0.14,0.14,0.18,0.11,3.34,3.78,0.51,0.14,0.18,0.1,0.14,0.18,1.31,6.54,4.98,0.5,0.15,0.17,0.11,0.14,0.17,0.11
6/17/2017,15,0.14,0.15,0.14,0.14,0.18,0.11,0.15,0.18,0.11,0.14,0.18,0.11,0.14,0.18,0.11,0.14,0.18,0.11,0.14,0.18,0.11,0.14,0.17,0.11
6/18/2017,15,0.14,0.14,0.15,0.14,0.18,0.11,0.15,0.18,0.11,0.15,0.18,0.11,0.14,0.18,0.11,0.14,0.18,0.11,0.15,0.17,0.11,0.14,0.17,0.11
6/19/2017,15,0.14,0.14,0.15,0.14,0.18,0.11,0.14,0.18,1.31,3.34,4.57,3.82,3.34,6.72,1.08,0.54,1.21,0.51,0.15,0.57,0.11,0.14,0.17,0.11
6/20/2017,15,0.14,0.54,0.15,0.14,0.18,0.11,0.14,1.81,1.79,3.34,13.97,5.8,9.55,8.18,0.9,6.94,8.58,4.51,0.94,0.18,0.1,0.14,0.58,0.11
6/21/2017,15,0.14,0.14,0.14,0.15,0.17,0.11,0.15,3.37,4.43,3.34,4.57,2.51,2.14,4.33,2.78,12.54,18.75,7.91,0.56,0.17,0.11,0.14,0.17,0.11
6/22/2017,15,0.14,0.14,0.15,0.14,0.18,0.1,0.15,0.18,0.3,3.46,1.41,0.11,1.71,0.57,1.3,6.55,8.18,2.11,0.15,0.17,0.11,0.14,0.18,0.1
6/23/2017,15,0.15,0.14,0.14,0.15,0.17,0.11,0.15,0.17,0.11,0.14,0.18,0.11,0.14,6.98,4.91,0.55,0.18,0.11,0.15,0.18,0.11,0.14,0.18,0.11
6/24/2017,15,0.14,0.14,0.15,0.14,0.18,0.11,0.15,0.19,0.11,0.15,0.18,0.11,0.15,0.18,0.11,0.15,0.18,0.11,0.15,0.18,0.11,0.15,0.18,0.11
6/25/2017,15,0.14,0.15,0.14,0.15,0.18,0.11,0.15,0.18,0.11,0.15,0.19,0.11,0.14,0.19,0.1,0.15,0.18,0.11,0.15,0.18,0.11,0.14,0.18,0.11
6/26/2017,15,0.14,0.14,0.15,0.14,0.18,0.11,0.14,1.48,4.99,8.5,9.09,11.44,12.98,9.1,9.91,11.48,6.95,0.1,0.15,0.17,0.11,0.14,0.18,0.1
6/27/2017,15,0.15,0.14,0.14,0.15,0.17,0.11,0.15,0.17,0.59,3.46,2.26,0.11,0.26,4.3,4.51,6.55,0.98,0.11,0.14,0.18,0.1,0.15,0.18,0.1
6/28/2017,15,0.15,0.14,0.14,0.14,0.18,0.1,1.75,4.58,2.5,3.75,4.17,0.91,0.14,0.58,3.71,12.54,2.18,0.11,0.54,0.18,0.1,0.15,0.17,0.11
6/29/2017,15,0.14,0.15,0.14,0.14,0.18,0.11,0.15,0.18,0.1,0.15,0.18,0.1,0.14,0.18,0.11,6.14,15.78,1.31,0.15,0.17,0.11,0.14,0.18,0.11
6/30/2017,15,0.14,0.14,0.15,0.14,0.18,0.1,6.15,2.58,0.11,0.14,0.18,0.11,0.14,0.18,1.3,6.14,7.78,0.51,0.15,0.17,0.11,0.14,0.18,0.11
7/1/2017,15,0.14,0.15,0.14,0.14,0.18,0.11,0.15,0.99,2.51,3.75,4.19,2.91,3.34,0.59,0.51,0.14,0.19,0.51,0.15,0.17,0.11,0.14,0.19,0.1
7/2/2017,15,0.15,0.14,0.15,0.14,0.18,0.11,0.15,0.19,0.11,0.14,0.59,0.11,0.15,0.58,0.11,0.55,0.18,0.11,0.55,0.18,0.11,0.14,0.58,0.11
7/3/2017,15,0.15,0.14,0.15,0.14,0.18,0.11,0.15,0.18,0.12,0.14,2,2.61,1.21,0.58,7.19,9.68,4.18,0.12,0.14,0.18,0.11,0.14,0.18,0.11
7/4/2017,15,0.15,0.14,0.15,0.14,0.18,0.11,0.15,0.18,0.11,0.15,0.18,0.1,0.15,0.18,0.1,0.15,0.18,0.11,0.14,0.18,0.1,0.14,0.18,0.1
7/5/2017,15,0.14,0.15,0.14,0.15,0.18,0.11,0.14,0.19,2.02,2.12,2.76,0.58,0.14,2.25,0.91,6.54,7.78,0.91,0.15,0.17,0.11,0.14,0.18,0.11
7/6/2017,15,0.14,0.14,0.14,0.14,0.18,0.11,0.15,4.58,4.1,3.34,4.58,2.51,4.95,1.07,5.57,8.48,4.23,0.11,0.55,0.18,0.1,0.14,0.18,0.1
7/7/2017,15,0.14,0.15,0.14,0.14,0.18,0.1,0.15,0.18,0.11,0.54,0.18,0.1,0.14,0.58,4.51,6.54,4.58,0.1,0.15,0.57,0.11,0.14,0.18,0.1
7/8/2017,15,0.14,0.15,0.14,0.14,0.17,0.11,0.15,0.58,0.11,0.14,0.18,0.1,0.54,0.18,0.5,0.15,0.58,0.1,0.15,0.57,0.11,0.14,0.17,0.11
7/9/2017,15,0.14,0.14,0.14,0.14,0.18,0.11,0.14,0.19,0.11,0.14,0.19,0.5,0.15,0.17,0.11,0.55,0.17,0.11,0.55,0.17,0.11,0.14,0.17,0.11
7/10/2017,15,0.14,0.14,0.14,0.14,0.18,0.1,0.15,0.53,2.03,0.14,0.18,0.1,0.14,2.58,7.93,12.73,11.05,0.9,0.2,0.18,0.1,0.14,0.18,0.1
7/11/2017,15,0.15,0.14,0.14,0.14,0.18,0.11,0.14,0.18,0.51,0.54,0.18,0.1,0.14,6.37,10.18,14.98,8.33,4.75,5.07,0.36,0.1,0.14,0.18,0.11
7/12/2017,15,0.14,0.15,0.14,0.15,0.18,0.11,0.95,0.18,2.2,0.54,0.57,1.31,12.35,7.3,5.38,10.95,10.97,4.95,2.52,0.22,0.11,0.14,0.18,0.11
7/13/2017,15,0.14,0.14,0.15,0.15,0.18,0.11,0.14,0.73,2.6,1.22,0.18,0.1,0.15,3.93,11.71,7.17,3.42,0.11,0.15,0.17,0.11,0.14,0.17,0.11
7/14/2017,15,0.14,0.15,0.14,0.15,0.18,0.11,0.14,0.59,2.5,3.75,4.18,2.51,3.74,2.58,5.31,6.55,4.18,0.11,0.15,0.17,0.11,0.54,0.18,0.11
7/15/2017,15,0.14,0.14,0.14,0.14,0.18,0.1,0.15,0.17,0.11,0.14,0.19,0.11,0.55,0.18,0.51,0.15,0.58,0.11,0.15,0.58,0.11,0.14,0.18,0.11
7/16/2017,15,0.14,0.14,0.15,0.14,0.18,0.11,0.14,0.18,0.11,0.14,0.19,0.11,0.54,0.19,0.51,0.14,0.19,0.51,0.15,0.58,0.1,0.15,0.18,0.1
7/17/2017,15,0.14,0.55,0.13,0.14,0.18,0.11,0.14,1.43,2.63,1.38,0.18,0.11,0.54,2.18,4.91,7.4,10.26,4.91,6.95,2.57,0.51,0.14,0.18,0.11
7/18/2017,15,0.14,0.14,0.14,0.14,0.17,0.11,0.14,2.17,2.63,0.87,0.58,0.11,0.14,0.58,3.71,10.15,8.58,1.71,0.55,0.17,0.11,0.14,0.18,0.11
7/19/2017,15,0.14,0.14,0.14,0.14,0.17,0.1,0.15,0.18,0.11,8.03,1.6,0.11,1.34,15.03,13.66,4.75,8.28,5.31,1.74,0.58,0.11,0.14,0.18,0.11
7/20/2017,15,0.14,0.14,0.14,0.14,0.17,0.1,0.14,1.27,2.62,2.73,1.39,4.9,6.55,9.45,7.09,6.64,1.79,0.11,0.54,0.18,0.11,0.14,0.18,0.11
7/21/2017,15,0.14,0.14,0.14,0.14,0.17,0.11,0.14,0.18,0.11,0.14,3.78,4.51,6.54,6.18,9.31,6.95,1.38,0.11,0.15,0.18,0.1,0.15,0.18,0.1
7/22/2017,15,0.14,0.14,0.14,0.14,0.18,0.1,0.14,0.18,0.11,0.14,0.18,0.11,0.15,0.19,0.11,0.15,0.18,0.11,0.15,0.18,0.1,0.15,0.17,0.1
7/23/2017,15,0.14,0.14,0.14,0.14,0.18,0.11,0.14,0.18,0.1,0.14,0.19,0.1,0.15,0.18,0.11,0.15,0.18,0.12,0.14,0.18,0.1,0.14,0.18,0.11
7/24/2017,15,0.14,0.14,0.14,0.14,0.17,0.1,1.34,5.45,5.43,5.67,4.58,1.71,0.15,6.28,11.83,14.07,5.97,0.51,0.14,0.18,0.11,0.14,0.58,0.1
7/25/2017,15,0.14,0.14,0.14,0.14,0.17,0.1,0.14,2.21,2.66,0.33,0.18,0.11,0.44,15.88,10.39,4.94,6.12,5.23,5.39,0.5,0.11,0.14,0.18,0.1
7/26/2017,15,0.14,0.14,0.13,0.14,0.18,0.1,0.14,1.99,2.64,1.36,0.58,0.11,0.14,9.47,7.96,6.55,1.38,0.51,0.15,0.18,0.1,0.15,0.17,0.11
7/27/2017,15,0.14,0.14,0.14,0.13,0.18,0.1,0.14,0.19,1.4,3.51,0.86,0.11,2.14,2.19,4.9,12.55,10.96,3.31,0.55,0.18,0.1,0.14,0.19,0.1
7/28/2017,15,0.14,0.15,0.13,0.14,0.18,0.1,0.14,1.38,0.51,0.15,0.18,0.51,0.15,2.18,7.71,12.95,7.78,0.51,0.55,0.18,0.1,0.15,0.17,0.11
7/29/2017,15,0.14,0.14,0.14,0.14,0.17,0.1,0.15,0.18,0.1,0.55,0.18,0.11,0.55,0.18,0.11,0.55,0.18,0.51,0.15,0.18,0.1,0.55,0.17,0.11
7/30/2017,15,0.14,0.14,0.14,0.14,0.18,0.1,0.14,0.18,0.11,0.14,0.18,0.11,0.55,0.18,0.51,0.15,0.58,0.11,0.15,0.17,0.11,0.54,0.18,0.11
7/31/2017,15,0.14,0.14,0.14,0.14,0.17,0.11,0.14,2.28,2.64,0.67,6.58,4.91,3.34,3.02,6.25,10.7,11.79,4.91,4.95,0.58,0.1,0.15,0.17,0.11
8/1/2017,22,0.14,0.14,0.13,0.14,0.17,0.1,0.15,0.18,2.39,2.43,0.18,0.11,2.5509,0.17,1.3099,6.1395,6.5802,0.11,0.14,0.17,0.11,0.14,0.18,0.11
8/2/2017,22,0.14,0.14,0.14,0.14,0.17,0.11,1.3399,4.1893,3.4409,6.5197,7.2896,3.4202,1.1696,0.18,1.3099,6.9398,8.1808,2.1091,0.5407,0.18,0.11,0.14,0.18,0.11
8/3/2017,22,0.5396,0.14,0.14,0.14,0.17,0.11,0.14,2.59,2.5,0.5507,1.8468,0.54,2.56,0.18,3.0296,15.8593,15.6703,0.9103,0.15,0.18,1.7668,0.15,0.18,0.1
8/4/2017,22,0.14,0.15,0.14,0.13,0.18,1.7668,0.15,0.18,0.11,0.14,0.19,0.1,0.15,6.9798,3.3763,0.14,0.18,0.11,0.15,0.18,0.11,0.14,0.18,1.7668
8/5/2017,22,0.14,0.14,0.14,0.14,0.17,0.11,0.14,0.18,1.7668,0.15,0.18,0.11,0.15,0.18,0.11,0.15,0.19,0.11,1.8168,0.18,0.1,0.15,0.18,0.1
8/6/2017,22,0.14,0.14,0.14,1.8068,0.17,0.11,0.14,0.18,0.1,0.15,0.18,0.11,1.8168,0.19,0.11,0.15,0.18,0.11,0.15,0.18,0.1,1.8168,0.17,0.1
8/7/2017,22,0.14,0.14,0.14,0.14,0.17,0.11,1.8068,1.76,2.62,1.39,5.83,4.84,2.07,6.6609,4.9496,2.1502,1.8468,0.11,0.15,0.18,0.1,0.15,0.17,0.11
8/8/2017,22,0.14,1.8068,0.14,0.14,0.17,0.11,9.3398,9.8201,3.8499,1.86,2.3368,0.11,0.74,1.81,2.1702,0.6296,0.24,0.11,0.15,1.8468,0.1,0.15,0.22,0.25
8/9/2017,22,0.32,0.33,0.32,0.32,0.4,0.24,0.32,13.0798,6.3697,2.7902,0.41,0.25,5.69,10.3095,5.0407,6.7291,5.9999,0.6507,0.32,0.4,0.25,0.33,0.42,0.24
8/10/2017,22,0.32,0.32,0.33,0.32,0.4,0.24,0.32,3.2,1.67,0.32,0.41,0.25,3.5201,5.5598,3.7499,6.9002,4.82,0.24,0.33,0.41,0.24,0.33,0.41,0.24
8/11/2017,22,0.33,0.32,0.33,0.33,0.4,0.25,0.32,0.41,0.25,0.33,0.4,0.25,0.31,7.6095,5.0496,2.3302,0.7996,0.25,0.32,0.41,0.25,0.33,0.42,0.25
8/12/2017,22,0.33,0.32,0.33,0.33,0.41,0.25,0.33,0.41,0.25,0.32,0.41,0.24,0.33,0.42,0.24,0.32,0.42,0.25,0.33,0.4,0.25,0.33,0.41,0.24
8/13/2017,22,0.33,0.33,0.33,0.33,0.42,0.24,0.35,0.41,0.24,0.33,0.4,0.25,0.32,0.41,0.25,0.32,0.4,0.25,0.33,0.4,0.25,0.32,0.42,0.25
8/14/2017,22,0.33,0.33,0.32,0.33,0.42,0.24,0.32,0.41,0.25,0.32,3.9907,2.25,0.33,6.7991,9.0807,10.2297,3.1196,0.34,0.32,0.41,0.25,0.32,0.41,0.25
8/15/2017,22,0.32,0.32,0.33,0.31,0.4,0.24,0.32,0.42,2.09,1.26,3.47,0.24,0.34,4.4409,5.0396,3.1094,0.41,0.24,0.32,0.41,0.25,0.32,0.41,0.25
8/16/2017,22,0.33,0.32,0.33,0.32,0.4,0.25,0.32,0.41,0.23,0.34,0.4,0.25,0.33,7.1998,3.4401,0.7307,0.41,0.24,0.32,0.41,0.25,0.32,0.41,0.24
8/17/2017,22,0.33,0.32,0.33,0.32,0.4,0.24,0.33,0.4,0.25,0.32,0.4,0.24,0.33,0.4,0.23,0.33,0.41,0.24,0.34,0.4,0.24,0.34,0.41,0.24
8/18/2017,22,0.32,0.33,0.32,0.33,0.39,0.25,0.33,0.41,0.25,0.32,2.8198,4.2493,0.32,0.41,0.24,0.33,2.0106,5.0496,6.7302,8.4197,5.0396,1.9306,0.4,0.25
8/19/2017,22,0.33,0.32,0.33,0.31,0.41,0.24,0.33,0.4,0.25,0.32,0.4,0.24,0.33,0.4,0.25,0.32,0.4,0.25,0.32,0.42,0.25,0.32,0.4,0.26
8/20/2017,22,0.32,0.33,0.33,0.33,0.4,0.25,0.33,0.41,0.25,0.33,0.4,0.24,0.32,0.4,0.24,0.33,0.41,0.25,0.32,0.4,0.25,0.32,0.41,0.24
8/21/2017,22,0.33,0.33,0.32,0.33,0.41,0.24,2.7298,4.81,2.2502,0.3,0.19,0.1,0.15,0.18,1.7095,6.5502,4.1793,0.12,0.14,0.18,0.1,0.15,0.17,0.11
8/22/2017,22,0.14,0.14,0.13,0.14,0.18,0.1,0.15,15.3703,9.7103,6.5391,0.19,0.1,0.15,0.18,0.9103,6.1495,6.5802,0.5107,0.15,0.17,0.11,0.14,0.18,0.11
8/23/2017,22,0.13,0.14,0.14,0.13,0.18,0.1,0.14,0.21,0.11,0.16,0.44,0.27,0.34,2.0295,4.65,6.7502,1.2392,0.27,0.35,0.44,0.27,0.35,0.43,0.27
8/24/2017,22,0.35,0.34,0.34,0.35,0.42,0.26,3.14,8.34,3.98,1.95,0.44,1.17,3.71,8.08,3.93,6.82,6.83,0.26,0.35,0.43,0.26,0.35,0.42,0.26
8/25/2017,22,0.34,0.34,0.34,0.34,0.42,0.25,0.34,0.44,0.25,0.35,3.24,5.06,3.94,0.83,0.26,0.35,0.43,0.26,0.35,0.42,0.26,0.34,0.43,0.26
8/26/2017,22,0.33,0.34,0.34,0.33,0.42,0.25,0.34,0.43,0.26,0.34,0.43,0.25,0.35,0.61,0.26,0.34,0.44,0.26,0.33,0.42,0.26,0.34,0.42,0.25
8/27/2017,22,0.34,0.34,0.35,0.34,0.42,0.26,0.34,0.43,0.25,0.34,0.42,0.26,0.33,0.44,0.24,0.35,0.42,0.26,0.34,0.43,0.26,0.35,0.43,0.25
8/28/2017,22,0.33,0.35,0.34,0.32,0.43,0.24,0.33,2.89,2.78,0.61,3.62,1.85,4.82,0.49,2.68,9.45,8.49,5.06,5.15,0.43,0.26,0.35,0.43,0.25
8/29/2017,22,0.34,0.34,0.33,0.34,0.42,0.25,0.33,3.07,0.25,0.33,1.69,4.92,9.37,9.8,5.37,7.64,8.44,1.46,0.73,0.43,0.26,0.34,0.43,0.26
8/30/2017,22,0.34,0.33,0.34,0.34,0.42,0.24,0.35,2.06,2.08,3.28,0.43,0.24,1.94,0.41,1.45,6.73,8.03,0.67,0.34,0.42,0.26,0.35,0.43,0.25
8/31/2017,22,0.35,0.34,0.33,0.33,0.42,0.26,0.33,3.06,1.72,2.22,0.41,0.26,3.08,7.95,6.52,6.92,4.42,0.26,0.33,0.42,0.25,0.35,0.43,0.26
9/1/2017,22,0.3403,0.3501,0.3395,0.3403,0.4198,0.2603,0.3403,0.4396,1.0398,3.5498,4.8203,2.6497,5.9403,4.0094,5.0502,6.7397,5.2196,0.6508,0.339,0.4306,0.25,0.3493,0.4102,0.6603
9/2/2017,22,0.3498,0.3398,0.3402,0.3302,0.4298,0.2495,0.3405,0.4298,0.2496,0.3403,0.43,0.6502,0.3192,0.8205,0.2598,0.7293,0.4306,0.6598,0.3395,0.4306,0.2598,0.7394,0.4205,0.2603
9/3/2017,22,0.349,0.3405,0.3403,0.339,0.4306,0.2603,0.3288,0.4205,0.2603,0.7397,0.4197,0.2497,0.7405,0.4297,0.6603,0.3398,0.8401,0.2594,0.3398,0.8306,0.269,0.3403,0.4306,0.259
9/4/2017,22,0.3403,0.3504,0.3397,0.3302,0.4194,0.2502,0.3297,0.4401,0.2502,0.7302,0.4197,0.2497,2.7498,0.4205,0.2595,0.74,0.4298,0.6603,0.3501,0.4297,0.2603,0.3398,0.4298,0.25
9/5/2017,22,0.3397,0.3403,0.33,0.7302,0.4196,0.2394,1.7905,4.3402,2.0199,1.38,1.9592,1.9106,2.3998,5.6196,10.4002,8.4205,3.6298,0.2603,0.8696,3.1401,0.2603,0.3398,0.4398,0.2603
9/6/2017,22,0.3398,0.3299,0.3499,0.3395,0.4102,0.2602,0.3492,2.1199,0.2603,0.6398,3.31,2.0201,2.6105,4.77,5.0603,7.1698,5.2202,0.2594,0.48,3.1502,0.3702,0.3504,0.4393,0.2603
9/7/2017,22,0.3499,0.3496,0.3499,0.3503,0.4299,0.25,0.3498,3.04,3.8897,1.0903,6.7001,0.5401,0.3398,3.2302,7.6806,9.949,2.8805,0.2603,0.3493,1.5806,0.2598,0.3504,0.4395,0.2601
9/8/2017,22,0.3502,0.3494,0.3402,1.5101,2.2203,0.2498,0.3497,1.9506,0.3701,4.0893,1.4006,0.2601,0.3397,1.3298,6.7501,6.9702,1.6301,0.2601,0.3402,0.4297,0.2601,0.3402,0.4397,0.2498
9/9/2017,22,0.3502,0.3401,0.3402,1.3594,0.8503,0.27,0.3402,0.4398,0.26,0.3402,0.4398,0.26,0.3497,0.4306,0.2701,0.3496,2.5699,2.7997,1.0902,0.4306,0.2601,0.3394,0.4406,0.2601
9/10/2017,22,0.3493,0.3402,0.3401,1.3502,0.5297,0.2498,0.3605,0.4195,0.2601,0.3402,0.4401,0.2498,0.3505,0.4198,0.2601,0.3597,0.4401,0.2601,0.3501,0.4298,0.2701,0.3302,0.4298,0.2606
9/11/2017,22,0.3393,0.3298,0.3402,0.9902,0.4203,0.2601,0.3494,2.4802,4.4604,2.2198,0.4297,0.2601,0.3402,6.4402,9.4397,12.9502,11.7103,0.7995,0.3402,0.4397,0.2601,0.3402,0.4297,0.2506
9/12/2017,22,0.3493,0.3502,0.3402,1.4199,2.1803,0.2701,0.3402,3.4995,4.0605,1.1298,0.9797,0.2506,0.4196,10.1999,6.6797,4.2005,0.4198,0.2601,0.4005,3.2497,0.4301,0.3497,0.4398,0.2506
9/13/2017,22,0.3502,0.3394,0.3505,0.3502,0.4298,0.2498,0.3501,2.4797,3.19,6.0804,7.1601,0.8801,0.3393,7.9205,7.2598,3.4502,0.4401,1.6701,1.9202,3.1398,0.3796,0.3402,0.4401,0.2497
9/14/2017,22,0.3605,0.3502,0.3597,0.3402,0.4398,0.2497,0.3505,3.6203,2.6592,2.3505,0.4298,0.2601,1.5098,8.5904,7.5498,6.7904,0.8298,0.2601,0.3497,1.3806,0.2696,0.3502,0.4298,0.2601
9/15/2017,22,0.3502,0.3597,0.3502,1.0502,0.4397,0.2601,0.3402,1.2397,6.1201,6.7502,8.6998,4.6601,4.1205,5.2298,2.8701,7.0397,6.8401,0.2701,0.3402,0.4298,0.2601,0.3605,0.4397,0.2601
9/16/2017,22,0.3597,0.3401,0.3597,1.1502,0.4998,0.2606,0.3497,0.4302,0.2601,0.3502,0.4297,0.2601,0.3502,0.4298,0.2601,0.3402,0.4292,0.2701,0.3505,0.4298,0.2601,0.3496,0.4406,0.2701
9/17/2017,22,0.3497,0.3502,0.3597,1.1402,0.4397,0.2601,0.3502,1.2297,1.9601,0.6702,0.4398,0.2506,0.3493,0.4406,0.2601,0.3494,0.4306,0.2498,0.3401,0.4501,0.2701,0.3494,0.4406,0.2701
9/18/2017,22,0.3597,0.3596,0.3402,1.4702,2.1797,0.2506,0.3493,1.0106,1.9601,0.8893,1.2801,0.8606,1.9597,0.9198,6.2301,13.7699,8.5304,0.2601,0.3497,0.4406,0.2592,0.3605,0.4398,0.2597
9/19/2017,22,0.3605,0.3502,0.3597,1.5202,2.2198,0.2597,0.3605,3.0499,1.95,2.1402,2.1001,1.2101,2.1597,9.0398,8.5806,3.3501,0.4397,0.2601,0.4497,3.1506,0.3593,0.3604,0.4398,0.2701
9/20/2017,22,0.3602,0.3502,0.3597,0.3502,0.4398,0.2601,0.3501,24.5997,17.1899,13.5004,11.1899,3.2398,2.2105,3.4198,2.0601,0.5596,0.4406,0.2601,0.3497,0.4398,0.2601,0.3605,0.4398,0.2598
9/21/2017,22,0.3605,0.3502,0.3493,0.3502,0.4396,0.2701,0.3402,1.5401,4.4498,2.8305,1.2597,1.2301,0.4701,10.1398,12.7304,13.24,15.8794,2.3105,0.6093,0.4406,0.2601,0.3493,0.4306,0.2701
9/22/2017,22,0.3394,0.3502,0.3502,0.9701,0.4398,0.2601,0.3402,4.8498,6.6498,6.9002,8.3997,0.6701,3.3106,7.2401,7.5994,2.7306,0.4398,0.2498,0.3505,0.4298,0.2701,0.3497,0.4406,0.2601
9/23/2017,22,0.3596,0.3401,0.3597,0.9402,0.4397,0.2601,0.3501,0.9198,1.9506,0.8694,0.4406,0.2601,0.3493,0.4306,0.2601,0.3597,0.4298,0.2506,0.3394,0.4401,0.2701,0.3402,0.4497,0.2601
9/24/2017,22,0.3605,0.3493,0.3705,0.3502,0.4398,0.2498,0.3605,0.9898,1.9598,0.8402,0.4398,0.2601,0.3502,0.4397,0.2601,0.3401,0.4203,0.2601,0.3394,0.4401,0.2701,0.3402,0.4501,0.2601
9/25/2017,22,0.3597,0.3402,0.3501,1.5497,2.1303,0.2601,1.1402,7.8399,9.9598,12.3303,9.65,4.2397,3.8097,6.4499,4.5605,0.5901,6.8294,1.7504,0.5598,3.1106,0.3701,0.3496,0.4498,0.2601
9/26/2017,22,0.3501,0.3597,0.3502,0.3502,0.4398,0.2601,0.3501,3.0201,2.6397,0.44,3.1206,0.3701,0.3497,6.4298,4.6601,8.0802,11.1101,1.1401,0.3402,0.45,0.2592,0.3505,0.4398,0.2701
9/27/2017,22,0.3402,0.3502,0.3493,0.3502,0.4306,0.2593,0.3502,2.1898,3.68,1.2807,2.1797,3.5301,2.7997,5.3398,10.1907,13.6,8.6895,0.7105,0.4795,0.4306,0.1901,0.1896,0.4298,0.2701
9/28/2017,22,0.3401,0.3502,0.3497,0.3501,0.4398,0.2506,0.3496,2.2198,2.7799,1.2899,0.44,0.2501,1.2302,8.3198,8.91,6.4902,0.4306,0.2593,0.3505,1.5098,0.2601,0.3496,0.4302,0.24
9/29/2017,22,0.35,0.35,0.34,1.07,0.43,0.25,0.34,2.89,4.35,4.57,4.83,2.65,1.95,6.83,6.28,3.51,0.83,0.26,0.34,0.44,0.26,0.34,0.44,0.25
9/30/2017,22,0.34,0.35,0.35,0.34,0.43,0.26,0.34,1,1.96,0.85,0.42,0.26,0.35,0.43,0.26,0.34,0.44,0.26,0.34,0.42,0.26,0.36,0.43,0.25
10/1/2017,22,0.35,0.3398,0.35,1.4209,0.8597,0.2496,0.3505,0.9401,1.9603,0.9096,0.4403,0.2604,0.3398,0.4301,0.2604,0.3398,0.4402,0.2496,0.35,2.6503,0.9606,0.3598,0.4305,0.2696
10/2/2017,22,0.3398,0.3603,0.3502,1.4002,0.5402,0.2502,0.35,0.4296,1.8608,3.5503,0.43,0.2701,0.3398,1.7005,6.6797,6.4496,3.0504,0.2696,0.35,0.43,0.2603,0.3598,0.4307,0.2598
10/3/2017,22,0.3598,0.3501,0.3404,1.5001,0.9499,0.2701,1.1411,11.919,7.8901,7.2701,3.4302,1.0497,1.0305,1.3098,2.0003,7.5403,5.6394,0.2598,0.3404,0.4403,0.2598,0.3603,0.43,0.2696
10/4/2017,22,0.3603,0.3404,0.3603,0.3398,0.4403,0.2502,0.3398,1.5,2.7701,2.9902,8.4298,6.4404,10.1698,7.1607,3.3399,7.8992,6.8302,0.2696,0.3409,0.43,0.2598,0.3598,0.4403,0.2598
10/5/2017,22,0.3507,0.3598,0.3501,0.35,0.4301,0.2604,0.3496,2.7201,2.2199,4.9604,0.62,0.8699,3.1701,4.1409,5.0595,5.9504,1.2298,0.2603,0.3598,0.43,0.2707,0.3398,0.4403,0.2598
10/6/2017,22,0.3404,0.3501,0.3496,1.5507,2.0798,0.2701,0.3398,1.0303,1.9403,0.8698,5.6296,5.0602,7.1501,7.1604,3.9092,8.5104,7.5705,0.6603,0.35,0.43,0.2603,0.35,0.4398,0.2502
10/7/2017,22,0.3403,0.3598,0.3501,0.3404,0.4403,0.2598,0.3496,0.8901,1.9705,0.9699,0.4301,0.2604,0.3398,0.43,0.25,0.35,0.4202,0.2604,0.35,0.43,0.2598,0.3505,0.43,0.2502
10/8/2017,22,0.35,0.3501,0.3398,1.5799,1.9999,0.2507,0.35,0.43,0.2598,0.3404,0.4301,0.2598,0.3404,0.43,0.2598,0.3505,0.43,0.2598,0.3402,0.43,0.2604,0.3603,0.43,0.2596
10/9/2017,22,0.35,0.3404,0.3498,1.08,0.43,0.2502,1.1498,1.2099,1.8298,2.09,0.44,0.2598,3.8198,10.93,4.7605,2.2699,0.43,0.2598,0.3398,0.4302,0.2598,0.3504,0.44,0.2598
10/10/2017,22,0.3498,0.3504,0.3398,0.3498,0.43,0.2604,0.3498,1.41,0.4698,1.9604,1.88,1.6198,3.57,11.7203,7.6893,3.2907,2.1604,0.2598,0.34,0.43,0.2598,0.35,0.44,0.2604
10/11/2017,22,0.3498,0.3398,0.36,0.3404,0.4298,0.2598,0.3404,3.3498,4.32,1.5098,2.45,1.0504,0.35,3.41,7.9494,14.7096,10.8099,4.9898,1.76,0.6004,0.2598,0.3498,0.43,0.2704
10/12/2017,22,1.3098,2.8398,0.4404,0.35,0.44,0.2496,0.35,1.5102,3.3598,0.8804,4.5896,0.7704,0.3398,7.6502,4.2495,1.1507,1.1702,0.2598,0.35,0.43,0.2604,0.35,0.44,0.2698
10/13/2017,22,0.3398,0.36,0.3504,1.6198,0.64,0.2598,3.1397,5.3905,4.3592,4.56,1.64,1.7704,0.4098,0.44,4.1302,8.7293,4.04,0.2604,0.3398,0.4502,0.2598,0.3498,0.44,0.2704
10/14/2017,22,0.3498,0.3498,0.3504,1.49,2.2298,0.2698,0.35,0.4304,0.2698,0.3498,0.43,0.2704,0.3398,0.44,0.2598,0.36,0.4402,0.2598,0.35,0.44,0.2604,0.3498,0.43,0.2698
10/15/2017,22,0.35,0.3504,0.36,0.9798,0.44,0.2598,0.3504,0.44,0.2698,0.3398,0.44,0.2602,0.3398,0.44,0.2604,0.3398,0.43,0.2598,0.35,0.4502,0.2598,0.3604,0.45,0.2698
10/16/2017,22,0.37,0.3698,0.3604,0.8698,0.45,0.2698,0.3504,2.3503,5.1592,4.4709,0.45,0.2596,0.3504,4.2396,6.2199,10.9198,13.6906,3.24,0.69,0.43,0.2698,0.3504,0.44,0.2598
10/17/2017,22,0.3498,0.36,0.3504,0.3398,0.44,0.2598,0.3504,1,0.3896,3.93,4.9304,0.2598,0.3398,0.43,3.8604,6.7493,2.0405,0.2598,0.56,3.12,0.3598,0.3504,0.44,0.2598
10/18/2017,22,0.3498,0.3504,0.36,0.3398,0.4298,0.2604,2.3495,1.3999,2.6696,4.7302,2.09,0.2698,0.4904,7.0305,9.8097,6.2897,3.5002,4.9098,6.98,10.4998,0.94,0.4004,0.44,0.2698
10/19/2017,22,0.3498,0.3504,0.37,1.4898,3.7405,4.2501,2.7492,7.7503,5.8799,3.3897,2.47,0.2704,3.0798,8.7802,0.9196,8.6602,8.45,0.6603,0.36,0.44,0.2598,0.36,0.44,0.2602
10/20/2017,22,0.36,0.3498,0.3498,1.56,2.0804,0.2598,5.5494,12.8505,7.8603,10.3794,3.1599,0.2598,0.3498,0.4602,2.041,8.5193,7.7405,0.6597,0.3598,0.4502,0.2602,0.36,0.45,0.2698
10/21/2017,22,0.36,0.3598,0.3504,1.14,0.4498,0.2698,0.3404,0.44,0.2698,0.3498,0.4304,0.2698,0.3498,0.4304,0.2496,0.36,0.4204,0.2698,0.3498,0.4602,0.2598,0.3404,0.4496,0.2502
10/22/2017,22,0.36,0.3498,0.36,1.1304,0.44,0.2698,0.3498,0.44,0.2704,0.3398,0.44,0.2602,0.3498,0.43,0.2698,0.36,0.43,0.2604,0.36,0.4396,0.2704,0.3398,0.44,0.2698
10/23/2017,22,0.35,0.3504,0.36,0.9598,0.44,0.2698,0.3404,0.97,2.7494,4.58,4.4299,3.0606,3.5399,3.6392,4.4504,6.8302,6.0395,0.2496,0.62,2.97,0.2904,0.36,0.43,0.2698
10/24/2017,22,0.3398,0.3504,0.3498,0.3398,0.43,0.2604,0.3498,3.14,2.7498,1.25,0.4304,0.2598,0.35,6.8198,4.2604,0.8398,3.02,0.3002,0.56,3.07,0.3398,0.3498,0.4402,0.2698
10/25/2017,22,0.3504,0.3498,0.3398,0.3404,0.44,0.2598,0.3398,0.81,0.2604,1.76,1.8,0.2598,0.3398,5.49,5.1602,5.15,0.42,0.2502,0.52,3.07,0.3498,0.35,0.44,0.2502
10/26/2017,22,0.3498,0.35,0.3498,1.5004,2.1,0.2598,2.35,9.24,5.5102,10.5196,7.5804,1.98,0.35,6.01,8.0898,7.41,4.84,5.0502,4.35,0.84,0.2598,0.3398,0.4502,0.2502
10/27/2017,22,0.36,0.3498,0.3898,2.6104,1.1,0.2598,0.3498,0.44,0.2604,1.1398,1.5502,0.2598,0.3398,7.5502,4.6598,1.1404,0.4496,0.6502,0.35,0.43,0.2598,0.36,0.44,0.2604
10/28/2017,22,0.3498,0.36,0.3398,0.9504,0.44,0.2598,0.3498,1.29,1.9704,0.5598,0.44,0.2502,0.36,0.43,0.2496,0.36,0.43,0.2604,0.36,0.44,0.2598,0.36,0.44,0.2598
10/29/2017,22,0.3504,0.36,0.3398,0.3498,0.44,0.2604,0.36,0.76,1.9496,1.04,0.44,0.2604,0.3498,0.4198,0.2604,0.3498,0.43,0.2598,0.36,0.43,1.1104,2.31,0.4598,0.27
10/30/2017,22,0.35,0.36,0.35,0.35,0.43,0.26,0.53,2.87,1.96,3.42,5.21,6.63,6.56,4,3.96,6.85,4.57,0.67,0.53,3.05,0.31,0.36,0.44,0.26
10/31/2017,22,0.35,0.35,0.35,0.35,0.43,0.27,0.34,1.97,0.68,0.35,2.98,0.42,0.35,1.45,7.39,11.96,3.12,0.27,0.35,0.45,0.26,0.35,0.44,0.27
11/1/2017,22,0.5606,0.5697,0.54,0.5606,0.6999,0.4203,0.5707,0.6898,0.4309,4.3497,2.3408,0.4299,1.1604,2.1199,4.0308,10.3299,2.3009,0.4294,0.5405,0.7105,0.4299,0.5707,0.7004,0.4198
11/2/2017,22,0.5903,0.5606,0.5903,0.5903,0.6999,0.4304,0.5697,0.6914,0.4294,0.5405,0.6903,0.4299,1.6808,5.0205,1.9292,6.9707,3.4999,0.4304,0.5501,0.711,0.4002,0.5697,0.7004,0.4309
11/3/2017,22,0.5596,0.5707,0.54,2.2198,0.7009,0.4098,0.5611,0.6697,4.9103,7.4293,3.6804,0.4198,0.5501,0.7009,4.35,9.5405,7.1004,0.8103,0.5501,0.7004,0.4103,0.5707,0.6999,0.4304
11/4/2017,22,0.5697,0.5606,0.5596,1.7309,0.6999,0.4103,0.5606,1.9402,3.8101,1.421,0.6898,0.4304,0.54,0.6999,0.4012,0.5697,0.6702,0.4304,0.5501,0.7009,0.4294,0.5707,0.7306,0.4098
11/5/2017,22,0.5601,0.5606,0.5707,4.9796,2.0204,0.4103,0.5606,0.6999,0.4304,5.0598,1.5809,0.4103,0.5596,0.72,0.4012,0.5596,0.6803,0.4304,0.5501,0.7009,0.4103,0.5697,0.7004,0.4103
11/6/2017,22,0.5707,0.5596,0.5606,0.5697,5.6205,0.4007,0.5697,0.6702,0.4309,1.6396,0.7009,0.4098,0.54,0.7009,1.23,9.4901,11.0801,2.0103,0.5707,2.5202,3.8101,1.1499,0.7004,0.4309
11/7/2017,22,0.34,0.3601,0.35,0.3601,1.1402,0.2703,0.35,0.4298,0.5503,2.59,2.6003,0.4098,1.3301,0.4403,0.2598,8.2901,7.1803,0.6603,0.3601,0.4398,0.2603,0.3601,0.4398,0.2603
11/8/2017,22,0.35,0.35,0.35,0.3505,0.4398,0.2703,0.34,0.4403,0.2598,0.64,2.8402,0.8903,0.6701,0.4298,2.2003,7.99,3.6703,2.8199,3.74,1.1904,0.2598,0.34,0.4403,0.2698
11/9/2017,22,0.3405,0.3601,0.35,0.3601,0.4302,0.2598,0.34,0.4403,0.2502,0.3601,8.0899,8.8397,7.1702,1.7798,0.2703,0.7501,8.4403,2.2598,0.7601,0.4303,0.2698,0.3501,0.4403,0.2598
11/10/2017,22,0.3505,0.35,0.35,0.35,3.0103,0.2698,0.34,0.4403,0.2902,2.6101,0.8598,0.2502,0.3601,0.4303,0.2698,0.3501,0.4403,0.2598,0.3501,0.4403,0.2703,0.3501,0.4398,0.2703
11/11/2017,22,0.3601,0.35,0.35,0.3601,0.4403,0.2497,0.3601,0.4403,0.3202,2.6,0.9798,0.2602,0.3601,0.4302,0.2598,0.3505,0.4398,0.2603,0.35,0.4499,0.2603,0.35,0.4403,0.2698
11/12/2017,22,0.3601,0.35,0.3505,0.3601,3.0598,0.2703,0.35,0.4403,0.2598,2.59,1.0103,0.2698,0.3405,0.4398,0.2602,0.34,0.4403,0.2598,0.3501,0.4403,0.2598,0.3505,0.4499,0.2703
11/13/2017,22,0.35,0.3601,0.35,0.3601,3.1903,0.3798,0.35,0.4403,0.2602,0.3501,0.4297,0.2603,0.3601,0.4303,0.2698,1.54,8.0404,1.4598,0.3501,0.4403,0.2598,0.3505,0.4298,0.2703
11/14/2017,22,0.3601,0.35,0.3501,0.35,1.0903,0.2698,0.34,0.4403,0.2502,3.1601,7.3302,3.2798,4.5801,3.6303,1.8598,6.35,1.6303,0.2703,0.3501,0.4298,0.2703,0.3501,0.4398,0.2703
11/15/2017,22,0.35,0.3601,0.35,0.35,0.4403,0.2603,0.34,0.4297,1.2403,2.15,1.2403,1.9398,0.6901,0.4303,1.1403,2.6001,13.5098,6.3903,3.7001,4.8298,3.0703,1.9501,0.4403,0.2698
11/16/2017,22,0.3501,0.35,0.3601,0.35,0.4403,0.2703,0.34,0.4302,0.2598,0.55,2.6303,0.5498,0.3505,3.0099,0.4203,1.95,8.4499,1.4603,0.75,0.4499,0.2703,0.3601,0.4403,0.2598
11/17/2017,22,0.3601,0.35,0.35,0.3601,2.7702,0.2603,0.35,0.4303,0.2698,2.6,1.0403,0.2698,0.3405,0.4498,0.2603,2.75,7.6499,1.0603,0.3501,0.4403,0.2699,0.35,0.4403,0.2698
11/18/2017,22,0.35,0.3505,0.3601,0.35,3.0998,0.2603,0.35,0.4403,0.3597,2.6101,0.9502,0.2603,0.35,0.4403,0.2698,0.34,0.4403,0.2502,0.3501,0.4197,0.2703,0.34,0.4403,0.2598
11/19/2017,22,0.35,0.3601,0.35,0.3501,3.2103,0.4302,0.3601,0.4398,0.2703,0.35,0.4403,0.2598,0.35,0.4302,0.2603,0.35,0.4303,0.2497,0.3601,0.4303,0.2502,0.3601,0.4398,0.2703
11/20/2017,22,0.3501,0.35,0.35,0.3601,1.0103,0.2497,0.3601,0.4403,0.2502,0.35,0.4398,1.0003,1.38,0.4303,2.5898,6.8101,2.4303,0.2703,0.3501,0.4398,0.2603,0.3601,0.4298,0.2602
11/21/2017,22,0.3601,0.35,0.35,0.34,0.4403,0.2703,0.34,0.4302,0.2598,2.06,0.5803,0.2598,0.3505,0.4399,0.2603,1.1601,8.4298,1.4603,0.75,0.4499,0.2603,0.3601,0.4403,0.2698
11/22/2017,22,0.34,0.35,0.3606,0.35,0.4297,0.2603,0.34,0.4403,0.2497,1.1401,2.4303,1.0703,0.3601,1.6498,1.6503,0.39,0.4403,0.2598,6.7601,5.6303,0.2698,0.3601,0.4303,0.2698
11/23/2017,22,0.3405,0.3601,0.35,0.35,3.0903,0.3998,0.35,0.4403,0.2698,0.3505,0.4398,0.2502,0.3601,0.4403,0.2598,0.3601,0.4303,0.2598,0.3601,0.4303,0.2698,0.3405,0.4398,0.2703
11/24/2017,22,0.3601,0.35,0.35,0.3601,0.4402,0.2598,0.3601,0.4302,0.2703,2.53,0.9003,0.2698,0.34,0.4302,0.2603,0.3601,0.4298,0.2603,0.3501,0.4398,0.2603,0.3601,0.4303,0.2698
11/25/2017,22,0.35,0.3601,0.35,0.3505,3.1898,0.3803,0.35,0.4403,0.2698,0.35,0.4403,0.2698,0.3405,0.4398,0.2703,0.9098,0.4202,0.2603,0.3601,0.4298,0.2703,0.34,0.4403,0.2698
11/26/2017,22,0.35,0.3601,0.35,0.3505,0.4398,0.2703,0.3601,0.4398,0.2602,0.3601,0.4403,0.2497,0.3501,0.4302,0.2603,0.3501,0.4398,0.2502,0.3501,0.4303,0.2698,0.34,0.4403,0.2603
11/27/2017,22,0.3601,0.35,0.35,0.3601,0.4302,0.2598,0.35,7.2403,5.4602,7.5601,8.0297,2.6703,0.35,0.4403,0.2497,2.3601,15.6404,6.2698,6.3405,1.6499,0.2703,0.3601,0.4398,0.2703
11/28/2017,22,0.3601,0.3601,0.35,0.3601,0.4403,0.2597,0.3501,0.4302,0.2603,2.54,1.0198,0.2703,0.34,0.4504,1.6098,8.08,10.2303,1.4603,0.3601,1.0599,1.9603,0.86,0.4499,0.2703
11/29/2017,22,0.34,0.3601,0.36,0.3601,0.4403,0.2497,0.3601,0.4303,2.6702,6.2101,5.3702,2.6598,3.9601,0.8403,0.2598,7.4701,4.0903,0.2598,0.3601,0.4403,0.2703,0.3601,0.4498,0.2703
11/30/2017,22,0.36,0.76,0.36,0.38,3.1,0.35,0.34,0.85,0.25,2.45,1.25,0.27,0.35,0.45,0.26,7.02,4.1,0.27,0.35,0.45,0.27,0.36,0.45,0.26
12/1/2017,46,0.35,0.35,0.36,0.37,3.08,0.34,0.34,0.44,0.27,0.35,4.84,3.4701,0.34,2.0395,5.0707,5.5492,1.2503,0.26,0.35,0.45,0.26,0.35,0.44,0.27
12/2/2017,46,0.36,0.35,0.37,0.35,0.8396,0.27,0.35,0.8407,0.27,0.35,0.44,0.6696,0.35,0.44,0.25,0.36,0.43,0.26,0.35,0.43,0.26,0.35,0.44,0.27
12/3/2017,46,0.34,0.36,0.7496,0.36,0.45,0.25,0.36,0.44,0.27,0.7507,0.45,0.27,0.35,0.44,0.27,0.35,0.43,0.27,0.34,0.44,0.26,0.36,0.44,0.27
12/4/2017,46,0.36,0.36,0.35,0.36,0.44,0.26,0.35,0.45,0.26,1.34,0.45,0.28,0.35,0.45,0.27,0.7496,8.4497,3.8708,1.5499,0.46,0.27,0.36,0.45,0.28
12/5/2017,46,0.36,0.37,0.35,0.37,0.43,0.27,0.35,0.44,0.27,2.16,1.22,0.27,0.36,1.6399,5.0696,11.5103,10.8099,1.99,0.72,0.46,0.27,0.36,0.45,0.27
12/6/2017,46,0.35,0.36,0.37,0.35,0.45,0.27,0.35,0.44,0.26,0.36,0.44,0.26,0.35,0.45,0.27,6.4796,17.7496,5.8699,3.5401,0.8507,0.27,0.35,0.46,0.27
12/7/2017,46,0.35,0.37,0.35,0.35,0.45,0.26,0.35,0.44,1.0692,2.7498,0.8507,0.27,0.36,0.44,0.27,7.1198,15.3201,3.1102,0.7696,0.44,0.27,0.36,0.45,0.27
12/8/2017,46,0.37,0.36,0.36,0.35,0.45,0.27,0.35,0.44,0.26,0.36,0.45,0.27,0.35,0.44,5.0596,6.7602,2.4402,0.26,0.36,0.44,0.27,0.36,0.45,0.27
12/9/2017,46,0.35,0.36,0.36,0.36,0.44,0.26,0.36,0.44,0.27,0.35,0.45,0.26,0.35,0.44,0.27,0.36,0.44,0.26,0.35,0.46,0.26,0.36,0.45,0.27
12/10/2017,46,0.36,0.37,0.36,0.36,0.46,0.27,0.36,0.45,0.27,0.37,0.45,0.27,0.36,0.44,0.26,0.35,0.44,0.27,0.36,0.44,0.27,0.35,0.46,0.27
12/11/2017,46,0.36,0.36,0.36,0.36,0.44,0.27,0.34,4.0497,5.4703,7.1498,8.4397,2.6698,1.9495,0.45,0.26,3.5106,9.5997,3.4601,1.1703,0.8396,0.27,0.36,0.44,0.27
12/12/2017,46,0.37,0.35,0.37,0.35,0.8496,0.26,0.35,0.44,0.6707,0.36,0.44,0.26,0.36,0.43,0.26,3.5802,9.479,4.2604,1.5499,0.44,0.27,0.35,0.44,0.27
12/13/2017,46,0.35,0.35,0.36,0.34,0.8496,0.25,0.36,0.43,0.6707,0.35,0.44,0.27,0.34,0.44,0.73,10.1497,16.1397,7.7605,4.4296,0.8,0.26,0.36,0.8396,0.26
12/14/2017,46,0.35,0.36,0.35,0.35,0.44,0.26,0.35,0.43,0.26,0.35,0.44,0.26,0.35,0.43,0.27,6.3506,6.8291,0.6707,0.35,0.43,0.26,0.36,0.44,0.26
12/15/2017,46,0.35,0.35,0.35,0.35,0.43,0.25,0.35,0.43,8.6594,10.3499,9.6608,5.0496,4.3593,2.0406,5.0596,5.9399,2.0406,0.26,0.35,0.43,0.27,0.35,0.44,0.27
12/16/2017,46,0.35,0.35,0.35,0.35,0.44,0.26,0.35,0.43,0.27,0.35,0.44,0.26,0.35,0.45,0.26,0.35,0.44,0.25,0.34,0.44,0.26,0.35,0.43,0.27
12/17/2017,46,0.34,0.35,0.35,0.35,0.43,0.27,0.34,0.44,0.27,0.35,0.45,0.26,0.35,0.44,0.26,0.35,0.42,0.26,0.34,0.44,0.25,0.36,0.42,0.27
12/18/2017,46,0.35,0.34,0.35,0.35,0.43,0.25,0.35,0.43,0.26,0.34,0.44,0.26,0.36,0.43,0.27,1.18,9.959,4.67,1.9406,0.44,0.26,0.35,0.44,0.27
12/19/2017,46,0.35,0.35,0.35,0.35,0.43,0.25,0.34,0.44,0.27,0.34,0.62,1.95,1.13,0.44,0.26,1.1503,8.4297,3.0594,0.7407,0.44,0.26,0.35,0.44,0.26
12/20/2017,46,0.35,0.35,0.35,0.34,0.43,0.25,0.35,0.43,0.26,0.35,0.44,0.26,0.36,0.44,0.27,2.9491,12.0405,4.2493,1.9506,0.43,0.26,0.35,0.8396,0.27
12/21/2017,46,0.35,0.35,0.35,0.7507,0.43,0.27,0.7496,0.8396,0.26,0.35,0.44,0.26,0.35,0.44,0.26,3.2706,9.7997,2.6598,1.1503,0.43,0.27,0.35,0.44,0.26
12/22/2017,46,0.35,0.35,0.35,0.35,0.43,0.25,0.35,0.44,0.27,0.36,0.44,0.26,0.36,0.43,0.27,0.34,0.44,0.25,0.35,0.44,0.25,0.35,0.44,0.26
12/23/2017,46,0.36,0.35,0.35,0.35,0.44,0.25,0.35,0.44,0.26,0.35,0.44,0.26,0.35,0.44,0.26,0.35,0.43,0.25,6.75,7.24,1.46,0.35,0.44,0.27
12/24/2017,46,0.35,0.35,0.34,0.35,0.43,0.27,0.34,0.44,0.26,0.36,0.44,0.26,0.35,0.44,0.27,0.35,0.44,0.25,0.34,0.44,0.26,0.35,0.44,0.26
12/25/2017,46,0.35,0.34,0.35,0.34,0.43,0.26,0.34,0.43,0.27,0.34,0.44,0.27,0.35,0.43,0.27,0.34,0.44,0.25,0.34,0.43,0.26,0.35,0.43,0.27
12/26/2017,46,0.34,0.35,0.34,0.35,0.42,0.26,0.34,0.42,0.27,0.34,0.44,0.26,0.35,0.44,0.26,0.34,0.43,0.25,0.35,0.43,0.26,0.35,0.44,0.26
12/27/2017,46,0.35,0.35,0.35,0.35,0.42,0.26,0.34,0.43,0.27,0.35,1.65,1.46,0.74,0.44,0.26,2.06,1.45,0.26,0.35,0.43,0.26,0.35,0.44,0.26
12/28/2017,46,0.36,0.35,0.35,0.35,0.43,0.26,0.34,0.44,0.26,1.44,4.16,0.66,0.34,0.44,0.26,2.08,1.51,0.25,0.35,0.43,0.26,0.34,0.44,0.26
12/29/2017,46,0.36,0.35,0.34,0.35,0.43,0.25,0.35,0.44,0.26,0.35,2.03,0.66,0.36,0.44,0.25,0.36,0.43,0.26,0.35,0.43,0.26,0.35,0.44,0.27
12/30/2017,46,0.35,0.35,0.35,0.35,0.44,0.26,0.34,0.44,0.26,0.36,0.44,0.26,0.36,0.42,0.27,0.34,0.44,0.25,0.34,0.44,0.26,0.35,0.44,0.27
12/31/2017,46,0.35,0.33,0.35,0.36,0.43,0.27,0.35,0.44,0.26,0.36,0.44,0.25,0.36,0.44,0.27,0.34,0.44,0.25,0.35,0.44,0.26,0.35,0.45,0.26
1/1/2018,46,0.35,0.35,0.35,0.3507,0.4398,0.2607,0.35,0.4405,0.2696,0.3401,4.0511,3.4597,5.9505,14.44,12.66,11.9401,9.2306,9.0496,12.3401,6.0405,0.2508,0.3502,0.4304,0.2597
1/2/2018,46,0.35,0.3502,0.35,0.3406,0.4299,0.2508,0.3401,8.0405,5.0496,8.1599,10.5601,1.8609,0.41,1.7999,1.15,9.1702,8.6402,1.8496,2.7601,5.6205,4.6708,5.1401,8.4405,5.4595
1/3/2018,46,5.1401,0.3505,0.35,0.3507,0.4393,0.2508,0.35,0.4205,0.2701,1.2601,2.2199,1.7101,1.52,3.0704,2.8296,11.0301,9.0103,0.6602,0.3401,8.84,5.4708,5.55,9.6405,5.0595
1/4/2018,46,8.3507,5.9505,0.35,0.35,0.4304,0.2696,0.33,0.4405,0.2607,0.3401,2.8897,6.5298,7.3302,5.31,4.0208,12.6093,8.4405,2.2402,11.9601,15.62,0.6609,0.3401,0.4299,0.2703
1/5/2018,46,0.3401,0.3404,0.35,0.3401,0.4304,0.2597,0.3305,0.44,0.2609,0.3401,0.4405,0.2597,3.9401,8.4306,3.0597,8.2602,8.1898,0.6609,2.3502,2.8205,0.2597,0.3502,5.2205,5.4696
1/6/2018,46,7.1406,7.15,0.7401,0.3399,0.4306,0.2602,0.3406,0.4193,0.2609,3.1401,25.2306,17.4696,8.3401,2.4306,5.0501,6.35,15.2301,2.6501,0.3502,2.8205,3.0703,2.7406,0.44,0.2602
1/7/2018,46,0.35,0.33,0.35,0.35,0.4405,0.2508,0.35,2.0405,2.6595,0.7502,0.4405,0.2501,1.9507,5.2294,1.0708,2.7401,8.0306,1.8496,0.3401,3.6306,5.0501,2.75,0.4306,0.2696
1/8/2018,46,0.3507,0.3401,0.3505,0.35,0.42,0.2501,0.3401,0.4205,0.2602,0.3401,2.9999,0.4206,0.3295,0.4306,0.2597,2.7605,16.0004,6.3102,6.7401,21.6301,15.8602,7.1401,3.6405,0.2496
1/9/2018,46,0.3501,0.3405,0.35,0.34,0.4202,0.2698,0.33,0.4303,0.2598,0.3501,3.0703,2.8103,0.3501,0.4197,0.2704,0.34,7.2399,5.0402,4.7601,4.0303,1.8598,3.5501,0.8302,0.2603
1/10/2018,46,0.34,0.35,0.3501,0.34,0.4303,0.2497,0.3405,0.4298,5.4603,7.1501,10.1598,6.8503,6.79,4.27,0.2703,2.6001,8.1898,4.2502,7.94,17.2404,11.4497,8.3501,11.6403,2.6603
1/11/2018,46,3.9501,1.94,0.75,0.34,0.4202,0.2598,0.3305,2.0298,5.4603,7.1501,11.5298,3.1303,0.3501,3.2399,3.8103,8.7201,7.6303,3.0497,10.3401,16.4303,11.0602,16.7501,20.0298,10.2502
1/12/2018,46,13.54,7.95,6.7501,7.14,2.8202,0.2603,0.34,0.4198,0.6603,0.34,0.9603,1.9498,0.8401,0.4303,3.8603,12.8401,9.6498,1.0502,0.3501,0.4302,4.6598,6.74,6.0403,0.2502
1/13/2018,46,0.34,0.35,0.34,0.35,0.4303,0.2502,0.34,4.4499,10.2502,8.3501,25.2303,15.8598,14.34,18.4404,6.6598,9.1601,4.4303,1.0598,1.5405,1.6298,5.0502,1.5601,0.4202,0.2598
1/14/2018,46,0.35,0.3405,0.34,0.35,0.4202,0.2598,0.74,0.4303,3.0502,11.9501,13.6398,2.6502,4.3501,7.6403,1.8497,0.3601,0.4303,0.2502,4.74,9.6298,5.4502,3.55,4.0303,0.2497
1/15/2018,46,0.3601,0.3405,0.34,0.35,0.4303,0.2497,0.74,0.4303,0.2502,2.74,12.4298,15.0603,13.54,12.0303,16.6598,6.74,3.2303,2.2603,12.34,9.2298,5.4603,5.94,0.4303,0.2597
1/16/2018,46,0.3501,0.3405,0.3399,0.34,0.4403,0.2497,0.34,8.0202,5.4603,7.14,12.4399,4.8502,9.4001,5.9003,2.0898,8.7401,6.4903,0.6598,0.7405,5.2298,7.4603,6.34,4.8303,5.4598
1/17/2018,46,6.7299,6.7405,0.34,0.34,0.4202,0.2598,1.1199,4.8403,5.4603,2.75,6.8197,4.9099,6.5398,3.6902,0.4701,1.7303,12.6598,7.0603,4.74,11.2303,2.6598,0.34,0.4202,0.2603
1/18/2018,46,0.34,0.35,0.3299,0.34,0.4202,0.2603,0.3199,6.0298,4.2603,3.5401,4.0303,0.2598,0.34,2.0103,3.2103,11.2701,9.1898,1.8603,4.34,17.2298,11.4603,17.14,19.6403,5.0597
1/19/2018,46,6.7506,0.35,0.3299,0.35,0.4202,0.2598,0.3304,2.0298,3.4603,1.55,0.4399,1.8502,6.7601,9.5903,6.5298,10.8405,7.6499,1.4502,0.74,6.4398,0.2502,0.3501,0.4303,1.8597
1/20/2018,46,3.5501,3.1505,0.34,0.34,0.4302,0.2497,0.3405,1.2398,2.6603,11.55,14.4398,2.6703,3.54,21.6403,16.6598,9.15,7.6303,1.0502,0.34,4.0303,0.2698,0.34,0.4303,0.2698
1/21/2018,46,2.3405,0.7601,0.34,0.35,0.4302,0.2598,0.35,0.4303,3.0703,9.15,15.6398,2.6603,0.3601,2.8398,7.4502,13.5601,13.6303,3.4497,5.1405,28.8298,17.8603,11.55,0.4303,0.2698
1/22/2018,46,0.34,0.35,0.3505,0.34,0.4298,0.2602,0.34,8.8303,5.0598,7.15,12.4303,6.6703,1.1501,0.4398,0.2603,5.54,8.8203,3.5598,6.91,23.2303,7.4598,1.9506,0.4398,0.2502
1/23/2018,46,1.55,2.34,0.35,0.34,0.4403,0.2502,0.34,1.2298,5.0603,0.3501,0.4403,1.0598,3.54,3.2403,0.2603,1.94,9.0698,6.7603,23.04,29.6303,9.4598,2.75,4.4303,0.6602
1/24/2018,46,0.3501,0.35,0.34,0.3299,0.4403,0.2402,0.34,3.6298,2.6603,1.1501,1.6003,1.6898,0.8401,0.4303,0.2597,5.1501,8.0303,2.2603,0.34,0.4298,3.8603,7.14,5.6303,0.2497
1/25/2018,46,2.34,1.1505,0.34,0.34,0.4303,0.2497,0.34,5.2303,7.8703,17.1501,13.6398,3.8603,1.94,4.8403,3.4598,12.35,9.6303,1.0598,6.7405,23.2298,9.8603,14.3401,22.8197,13.0603
1/26/2018,46,17.54,12.7601,9.14,5.9405,4.8298,0.2502,0.34,0.4303,0.2598,1.94,8.8403,5.4598,2.7501,0.8303,0.2703,12.86,9.3599,2.2602,3.54,12.4303,7.8598,9.54,4.8403,1.8603
1/27/2018,46,0.34,0.35,0.34,0.34,0.4202,0.2603,0.35,3.6298,3.4603,3.54,6.8403,0.2698,1.55,8.8303,3.4602,9.54,14.4298,5.0603,6.34,12.4202,7.8598,9.1405,8.8298,2.2703
1/28/2018,46,0.3501,0.34,0.35,0.34,0.4202,0.2598,0.3405,2.0398,7.0603,11.5601,8.4302,0.2598,6.75,19.6403,5.0502,15.55,19.2298,7.4603,9.94,5.6102,0.6598,5.14,8.8302,4.2603
1/29/2018,46,0.35,0.34,0.34,0.34,0.4303,0.2502,0.34,8.0298,6.2502,7.15,12.0303,3.8598,1.1501,0.8303,0.6403,8.8601,5.7498,2.2502,12.7501,11.6303,6.2598,7.14,6.4302,0.2502
1/30/2018,46,0.34,0.34,0.35,0.34,0.42,0.26,0.32,6.83,6.26,1.54,0.43,0.26,0.34,0.43,0.26,6.75,6.46,4.39,10.16,4.18,9.45,9.95,4.83,2.66
1/31/2018,46,3.94,1.14,0.34,0.34,0.42,0.25,0.33,0.43,0.26,0.34,0.43,0.26,0.34,0.44,0.26,2.77,9.52,4.26,1.94,21.24,14.26,7.94,18.82,6.67
2/1/2018,46,6.7401,0.7396,0.3401,0.3502,0.4295,0.2502,0.33,3.6396,2.6602,1.1401,5.6396,0.2602,2.7497,2.9199,2.9502,15.83,12.4997,9.9201,15.9501,26.03,9.2597,4.2501,0.43,3.8497
2/2/2018,46,7.1401,6.7497,5.1401,0.3401,0.4295,0.2502,6.7401,10.4295,5.8602,3.1497,14.0301,14.6602,18.7496,12.43,6.2602,19.1496,14.03,4.2401,11.9496,8.43,0.2602,0.3396,4.43,3.4603
2/3/2018,46,5.1295,2.3501,5.5401,6.3396,1.22,0.2502,0.34,6.03,7.0497,21.1501,14.82,6.6698,11.9401,7.6295,0.2502,0.34,3.23,1.4497,5.93,8.83,5.4597,7.13,8.83,5.0497
2/4/2018,46,7.1401,5.9401,0.7396,0.3501,0.42,0.2597,0.33,0.43,2.2602,14.7496,21.62,8.6602,9.5396,4.8199,5.0602,7.1396,15.63,11.4501,21.1401,10.8099,5.4497,6.3401,4.82,2.6597
2/5/2018,46,3.93,2.3401,0.3396,0.3401,0.43,0.2497,0.33,10.03,7.8597,8.3401,9.2099,5.0602,3.5396,1.23,0.2501,6.7198,7.51,4.6602,8.3396,10.8199,0.2502,0.3496,0.42,0.2602
2/6/2018,46,0.3396,0.3401,0.3401,0.3396,0.42,0.2602,0.33,0.4296,0.2602,0.3396,0.43,0.2502,0.3496,0.43,4.6602,7.7298,3.5403,1.9101,10.4898,20.4099,3.8597,0.3401,0.43,1.4698
2/7/2018,46,3.54,2.74,0.35,0.34,0.43,0.25,0.34,0.43,0.25,1.94,4.83,5.1,10.13,7.89,5.08,8.07,2.52,1.95,6.05,6.83,2.66,0.34,1.24,1.46
2/8/2018,46,3.95,1.94,0.35,0.34,0.43,0.26,0.34,4.44,2.66,0.34,0.44,0.26,3.54,2.43,5.46,11.49,8.89,3.46,6.74,6.83,0.26,1.15,4.83,1.86
2/9/2018,46,0.35,0.35,0.34,0.35,0.42,0.26,0.34,2.42,4.67,10.34,20.04,12.66,14.74,13.63,3.05,11.15,15.41,6.25,4.74,6.03,5.06,6.75,5.22,0.26
2/10/2018,46,0.35,0.34,0.35,0.34,0.42,0.27,0.34,2.03,3.85,7.96,24.83,13.86,17.14,16.84,8.66,19.94,26.83,2.66,9.54,4.84,0.25,1.95,4.82,0.27
2/11/2018,46,0.34,0.34,0.35,0.34,0.44,0.26,0.34,0.84,0.26,12.35,29.23,29.06,25.55,14.03,7.85,10.75,12.83,0.65,1.14,3.22,0.27,0.34,0.43,0.26
2/12/2018,46,0.34,0.35,0.34,0.34,0.43,0.25,0.34,8.83,5.05,7.15,6.09,1.71,8.95,11.78,2.46,6.76,6.03,0.65,0.73,10.44,3.05,6.35,0.83,0.27
2/13/2018,46,0.34,0.35,0.34,0.34,0.42,0.26,0.33,0.43,0.88,2.27,0.53,0.25,0.35,0.43,6.25,10.65,4.69,0.27,4.74,8.03,0.26,0.35,0.43,0.27
2/14/2018,46,0.35,0.35,0.35,0.35,0.42,0.26,0.34,0.43,0.27,3.54,4.04,0.26,0.35,3.63,7.46,8.79,2.32,0.26,5.14,6.03,3.05,0.75,0.43,0.26
2/15/2018,46,0.35,0.35,0.34,0.35,0.42,0.25,3.55,14.03,7.87,3.14,0.44,0.26,0.34,4.84,3.73,2.86,7.68,3.76,4.06,1.17,0.66,0.9,1.13,0.69
2/16/2018,46,7.31,7.73,7.74,7.38,9.62,5.93,4.56,3.59,3.46,1.19,4.02,5.07,12.34,8.84,3.06,10.35,12.33,0.65,0.35,0.43,0.25,0.36,0.42,0.27
2/17/2018,46,0.34,0.36,5.54,5.95,2.02,0.26,0.34,1.24,5.05,15.96,19.22,6.27,0.74,5.64,4.65,5.55,11.22,2.26,0.34,0.42,0.26,0.34,0.44,0.27
2/18/2018,46,0.34,0.34,4.75,6.34,4.44,0.26,0.35,0.44,0.26,9.15,12.84,5.47,7.54,8.84,2.25,7.16,4.43,0.26,1.14,7.22,0.27,0.34,0.44,0.26
2/19/2018,46,0.35,0.35,0.34,0.35,0.43,0.26,0.34,0.44,0.25,0.35,15.24,11.86,8.74,4.04,4.66,4.35,4.43,2.27,3.39,8.09,4.91,6.55,6.59,0.67
2/20/2018,46,0.35,0.35,0.34,0.35,0.43,0.26,0.34,6.44,5.06,7.15,8.83,5.46,9.56,4.44,5.85,9.22,3.13,2.25,6.75,6.43,5.07,3.94,0.43,0.27
2/21/2018,46,0.34,0.34,0.34,0.35,0.42,0.26,0.34,0.43,4.67,0.34,3.06,4.36,2.63,0.43,0.26,4.75,9.03,3.55,1.29,4.83,2.27,0.34,0.44,0.27
2/22/2018,46,0.35,0.34,0.35,0.34,0.43,0.26,0.34,0.43,0.26,5.08,4.87,4.27,1.15,0.43,0.26,2.86,10.1,1.93,1.94,3.64,3.86,8.76,16.03,5.07
2/23/2018,46,2.74,0.35,0.34,0.35,0.42,0.25,0.34,2.45,1.47,0.74,14.05,7.47,11.54,8.85,10.25,17.95,18.51,7.9,7.54,14.45,10.26,13.54,10.83,4.26
2/24/2018,46,0.35,0.35,5.94,6.34,6.02,0.67,0.34,0.44,0.26,0.35,15.64,13.45,13.95,23.64,11.05,9.55,1.23,1.05,6.35,6.82,0.66,0.34,0.42,0.27
2/25/2018,46,0.34,0.34,5.15,5.54,2.44,0.25,0.35,0.44,0.27,0.34,0.43,0.27,12.34,10.83,7.47,5.54,1.63,0.24,0.34,0.42,0.26,0.35,0.42,0.27
2/26/2018,46,0.34,0.34,0.35,0.34,0.43,0.26,0.34,13.63,7.47,8.34,0.83,0.26,0.34,0.43,0.25,6.12,10.04,6.85,8.49,8.25,7.72,9.96,8.9,1.86
2/27/2018,46,0.35,0.34,0.34,0.34,0.43,0.25,0.34,0.44,0.26,5.03,4.33,2.85,3.15,0.84,5.06,7.84,3.61,1.24,0.45,3.63,2.26,0.34,0.45,0.25
2/28/2018,46,0.36,0.34,0.34,0.35,0.42,0.25,0.34,0.44,0.27,0.34,0.45,0.26,3.14,1.64,0.65,8.89,11.82,1.47,5.95,4.43,1.06,0.35,0.43,0.26
3/1/2018,77,0.3396,0.3498,0.3405,0.3399,0.4397,0.2399,0.3504,0.4399,0.2596,0.3602,2.8199,3.0596,1.5399,0.4303,0.2596,12.1598,13.7001,5.0102,1.1101,0.4297,3.8696,0.3405,0.8395,0.2499
3/2/2018,77,0.3498,0.3602,0.3397,0.3498,0.4202,0.2504,0.3397,0.4399,0.2597,0.3405,0.4395,0.2701,0.3399,5.2403,5.8602,9.4698,19.0097,8.7403,2.7396,0.43,0.2602,0.3499,0.4396,0.2602
3/3/2018,77,0.3498,0.3498,4.7499,5.95,1.2202,0.2695,6.7399,4.8303,0.6597,1.9498,17.2399,22.2602,29.5498,26.4396,15.0602,16.7399,20.0399,3.8602,1.1294,0.4399,0.2498,0.3405,0.4397,0.2698
3/4/2018,77,0.3499,0.7504,6.7396,5.5498,1.2301,0.2602,0.3498,0.4399,2.2701,8.7506,2.8396,5.4602,9.1498,17.64,9.8602,13.9498,7.2399,1.8602,7.5297,4.0301,0.2596,0.3397,0.4301,0.2701
3/5/2018,77,0.7494,0.3399,0.3504,0.3399,0.4299,0.2498,0.3503,11.2197,11.07,25.5392,25.2399,11.8504,9.1505,11.6396,3.8606,10.5797,8.0797,1.2102,1.9399,1.2298,0.2602,0.3498,0.44,0.2602
3/6/2018,77,0.3597,0.3396,0.75,0.3499,0.43,0.2498,1.1392,6.4413,5.4692,2.3498,0.4405,0.2596,2.7498,2.9501,0.34,1.9592,8.9598,3.9004,0.7396,3.2399,1.8602,0.34,0.4298,0.2602
3/7/2018,77,0.3498,0.3498,0.3498,0.3499,0.4202,0.6709,0.3399,4.4396,9.8504,9.1592,2.4403,0.2701,0.3399,0.4498,0.2602,8.7499,12.4098,1.2397,6.3497,10.4298,0.6603,0.3497,0.4302,0.2602
3/8/2018,77,0.3498,0.3397,0.3498,0.3504,0.4202,0.2597,0.7392,4.8305,2.6602,0.7494,3.6297,2.6498,1.1504,0.43,0.2499,9.15,17.85,6.6806,7.9399,3.2199,6.6504,15.5498,14.0298,3.0701
3/9/2018,77,0.3398,0.3499,0.3398,0.3502,0.43,0.2498,0.3398,3.2295,2.6504,0.3398,0.4398,0.2498,0.3404,5.2298,4.6499,6.3502,16.9398,4.7096,1.1504,0.4294,0.2602,1.5498,4.8397,1.0702
3/10/2018,77,0.3498,0.34,0.3499,0.3498,0.4404,0.2498,0.3499,0.4398,3.0504,13.1497,4.82,1.8597,5.1404,9.2306,5.0596,2.3404,0.4298,0.2498,0.3298,0.42,0.2602,0.3398,0.43,0.2597
3/11/2018,77,0.3404,0.3498,0.3398,0.3398,0.8196,0.2504,0.3496,5.23,0.2602,1.9597,0.8298,3.4602,7.1596,9.2298,8.6602,15.5596,19.33,7.5202,6.8198,4.5196,0.2698,0.3498,0.43,0.2702
3/12/2018,77,0.3598,0.3498,0.34,0.3504,0.4398,0.2498,1.9398,0.43,0.2702,0.7406,0.4298,0.2702,0.3398,0.4299,0.2602,9.4898,10.7198,1.0602,7.1398,8.4398,6.2697,12.3504,2.8398,0.2696
3/13/2018,77,0.74,0.3498,0.3498,0.3398,0.43,0.2504,0.3498,0.4398,1.4697,3.5504,2.8298,2.6696,1.5602,3.2399,5.0598,6.8998,1.8898,8.2596,19.1504,9.6398,4.2696,6.7504,1.6498,0.2498
3/14/2018,77,0.3398,0.3504,0.33,0.3399,0.42,0.2596,0.7507,0.43,0.2602,0.3498,0.43,0.2602,0.3398,0.83,4.6596,7.7504,7.9698,5.4696,1.5499,4.04,0.2702,0.7494,0.44,0.2498
3/15/2018,77,0.3604,0.3498,0.3498,0.3498,0.43,0.2504,3.5597,8.84,5.4797,5.8801,8.4602,7.6297,7.2696,6.15,7.0598,6.6002,2.1798,1.8598,8.3504,1.6398,0.2696,0.3604,0.4394,0.2702
3/16/2018,77,0.3498,0.3499,0.7308,0.3504,0.43,0.2596,1.5398,8.0404,5.8596,8.7498,6.0499,6.6702,9.5498,5.6398,7.0604,9.9498,5.8095,3.0698,0.3504,4.4398,5.4796,6.7504,0.8498,0.2698
3/17/2018,77,1.9497,9.5504,7.95,5.1398,1.2301,0.2696,0.3404,0.8494,0.2498,0.3602,0.4294,0.2702,0.3498,6.4498,8.2504,8.7498,3.6399,0.2702,0.33,0.4398,3.0598,6.7498,9.2308,1.4702
3/18/2018,77,0.3598,4.7498,4.7498,0.7504,0.44,0.2696,0.7498,7.6404,1.8797,14.3602,4.8394,0.2702,9.5598,26.8494,11.0702,5.1498,8.4398,13.0504,21.1498,9.62,0.2696,0.34,0.4399,0.2504
3/19/2018,77,0.3498,0.3398,0.3499,0.74,0.42,0.2696,0.3398,4.8408,2.6598,0.7592,0.42,0.2602,0.3398,0.4398,0.2602,1.0698,1.5499,5.4498,16.3602,13.6201,9.8696,11.9504,1.2399,0.6596
3/20/2018,77,0.3498,0.3504,0.3398,0.3499,0.42,0.2598,0.3504,0.4398,0.2498,0.3498,0.83,2.6602,1.5498,2.8298,8.2702,8.9898,15.6598,10.6602,12.7498,8.8398,5.4598,5.5504,0.4299,0.2696
3/21/2018,77,0.3399,0.3504,0.3498,0.33,0.83,0.2498,0.3398,2.4404,5.4697,5.9498,0.4398,0.6702,0.3597,1.6404,5.0596,6.8498,2.5304,3.8597,10.3398,8.8299,5.4702,7.1398,0.8301,0.2702
3/22/2018,77,0.3398,0.3499,0.7398,0.3504,0.42,0.2498,1.1399,8.8398,5.4702,7.1398,7.2399,0.2702,0.3596,2.4398,5.8702,9.6896,6.6798,0.2702,0.3398,0.4398,0.2702,3.5598,4.0398,0.2504
3/23/2018,77,0.3596,0.3498,0.3504,0.33,0.4399,0.2498,0.3498,0.8298,0.6604,0.3498,1.2299,0.2602,3.1596,4.0398,5.8602,6.8398,11.4099,1.8602,1.5398,5.6298,5.4498,6.7404,4.4399,0.2696
3/24/2018,77,0.3404,0.3499,0.3498,0.3498,0.43,0.2498,0.3404,2.0398,7.4696,16.7504,16.8298,1.8696,1.9404,0.8294,3.0702,14.7398,20.8298,9.0604,7.5398,10.0299,5.0498,7.1504,2.03,0.2597
3/25/2018,77,0.34,0.3498,0.3504,0.3499,0.8398,0.2498,0.3602,6.0398,7.8599,6.7602,18.83,8.6597,9.1602,18.8294,7.8702,9.5498,6.4298,2.6602,3.9398,4.83,1.8498,0.3504,0.4298,0.2598
3/26/2018,77,0.3498,0.3404,0.3499,0.3398,0.4398,0.2499,0.3404,0.4498,0.2599,2.3598,2.8504,0.2697,3.1398,4.83,5.0702,6.3596,11.7498,3.8602,7.9399,5.2398,0.2602,0.3499,0.4398,0.2504
3/27/2018,77,0.7597,0.3498,0.3399,0.3504,0.42,0.2596,0.3498,8.42,5.0702,3.9499,0.43,0.2602,0.3498,5.1095,9.6404,13.2499,5.49,7.5002,7.9398,12.83,1.4596,0.3398,0.4404,0.2598
3/28/2018,77,0.3499,0.3398,0.3504,0.3498,1.22,3.4696,5.5404,11.9395,9.2802,7.1398,8.83,1.4498,3.7902,4.0799,1.8498,8.7802,11.4698,8.6498,12.7398,8.8404,5.8498,7.1499,7.2398,0.2504
3/29/2018,77,0.3398,0.3498,0.3398,0.3504,0.4195,0.6504,4.7498,0.72,2.0299,0.4903,0.82,0.2596,0.3398,4.4404,7.0596,10.2398,4.4198,1.4602,0.3398,0.4198,0.2504,0.3398,0.4399,0.2498
3/30/2018,77,0.3404,0.7498,0.3399,0.34,0.8298,0.2604,1.9398,4.8398,0.2598,5.5398,4.0304,12.2498,12.7597,22.02,18.6702,29.1398,15.0398,5.4702,9.9398,6.4398,0.2498,3.5504,3.2498,0.2499
3/31/2018,77,0.3702,0.3498,0.3499,0.35,0.4398,0.2504,0.3499,1.6398,2.6597,11.5504,8.0398,2.6499,1.1502,0.43,0.2597,7.9398,16.8399,5.0504,0.3398,0.41,0.2597,0.3504,0.4198,0.27
4/1/2018,83,0.3394,0.7399,0.3507,0.3492,0.4412,0.2496,3.1496,3.2499,1.4604,0.3596,8.8308,11.0604,3.5492,18.4299,8.65,6.3503,5.6299,2.6604,4.7413,0.4195,0.26,4.7301,4.0401,0.2496
4/2/2018,83,0.3405,0.3496,0.3401,0.3394,0.4206,0.25,9.541,17.2294,8.2599,9.5394,12.0198,2.6593,3.9405,10.4307,3.4592,1.2007,7.9698,3.4604,6.3405,5.6299,0.25,0.339,0.8206,0.2604
4/3/2018,83,0.3394,0.3503,0.3301,0.3496,0.4304,0.2604,0.3492,0.4308,0.2702,0.3496,0.4397,0.2604,0.3405,1.2301,7.4691,8.9402,5.1206,7.4604,9.9503,10.4299,1.8593,0.3503,0.4401,0.2598
4/4/2018,83,0.3405,0.3492,0.3405,0.7507,0.4293,0.2602,5.5499,12.8396,7.8595,10.061,12.1699,2.2402,0.3394,0.431,7.0783,17.0609,14.2898,3.1498,7.2494,13.231,7.4691,0.3507,0.4499,0.6702
4/5/2018,83,0.36,0.3605,0.3501,0.3594,0.4406,0.2593,2.7503,4.0206,0.6695,0.3401,0.4303,2.66,0.7394,0.4401,0.6503,7.7312,9.1591,0.2604,1.939,8.8299,5.4706,6.7405,10.0307,3.0698
4/6/2018,83,3.1394,6.3503,2.7301,0.7492,0.8206,0.2503,0.3394,0.4401,0.2507,0.3394,7.2299,5.0399,7.1509,12.0295,8.6593,13.1213,6.8293,4.2604,0.7405,0.8397,0.25,0.3492,0.4299,0.2706
4/7/2018,83,0.3503,0.3496,0.3503,0.3403,0.4397,0.25,0.3503,5.2299,7.4706,10.739,3.6206,6.6706,14.339,32.0401,11.05,11.1607,2.0297,0.2604,3.5503,8.0195,3.0702,3.1496,0.4304,0.2602
4/8/2018,83,0.3605,0.7492,0.3605,0.3496,0.4406,0.2598,6.3698,20.0401,16.6609,16.3594,41.6401,21.4598,14.7507,16.8401,4.26,7.9496,4.431,6.6496,6.3395,2.4308,0.26,0.3394,0.4308,0.2496
4/9/2018,83,0.3394,0.3405,0.3405,0.3394,0.4206,0.2496,7.1498,12.4206,6.2593,7.1405,5.2299,0.26,0.3293,3.2299,2.6604,10.4494,9.6216,5.0585,10.3405,4.8299,1.8598,1.1411,0.4402,0.25
4/10/2018,83,0.3503,0.3394,0.3405,0.3492,0.4206,0.2604,0.3394,0.4206,0.26,0.7394,4.4299,0.2604,0.7503,7.6299,2.6593,1.2818,1.4299,0.2604,0.339,0.4206,0.2695,0.3405,0.4397,0.2604
4/11/2018,83,0.3492,0.3405,0.3507,0.739,0.4308,0.25,7.9393,8.4401,5.4593,7.1405,11.2204,12.0193,13.2202,13.881,3.5881,4.152,4.52,6.66,9.5394,3.6299,0.2598,0.3405,0.4401,0.2702
4/12/2018,83,0.3496,0.3503,0.3507,0.339,0.4308,0.2598,0.36,6.4304,5.4587,2.7507,0.8297,0.2604,3.1503,10.1198,9.8604,7.4204,2.0999,3.4702,0.7498,0.4195,0.2604,0.3503,0.4401,2.2598
4/13/2018,83,6.3496,6.7503,2.3507,0.3492,0.4308,0.2598,0.3503,0.4401,2.2691,7.5507,8.8499,15.0594,15.5596,19.6514,16.2589,10.1706,9.43,11.8706,9.9394,6.0499,0.2702,0.3507,3.6499,5.0598
4/14/2018,83,0.3605,0.3496,0.3501,0.3503,0.4297,1.4702,4.3507,8.8499,4.2598,14.3507,22.0397,15.0695,14.7605,9.6304,6.2695,3.9607,4.8297,9.4702,14.7492,15.6401,7.8609,9.5496,4.4499,1.4598
4/15/2018,83,0.3609,0.3605,0.3492,0.3605,0.4297,0.2702,0.3605,1.2401,0.2702,5.1594,10.0308,2.6691,1.1507,10.0397,9.8706,13.1503,8.4401,5.4598,2.3394,0.4406,0.2702,0.3594,0.4401,0.27
4/16/2018,83,0.3605,0.3698,0.7501,0.3605,0.4399,0.2702,5.9503,8.8503,5.4702,3.5492,0.4401,0.2702,0.3507,9.2503,4.6594,9.461,6.2995,3.4695,6.3401,0.8503,0.2598,0.3605,0.4499,0.2706
4/17/2018,83,0.3594,0.3605,0.3605,0.3492,0.4308,0.2691,4.7507,8.4495,3.8606,6.3498,8.0903,0.2598,3.5596,4.4507,5.0702,6.8905,14.4696,13.9195,16.09,9.29,0.3106,0.3596,0.8503,0.2598
4/18/2018,83,0.3698,0.3605,0.3605,0.3496,0.4406,0.2691,0.3507,7.2503,7.4598,3.5511,0.4499,0.25,0.3605,8.0401,3.8698,4.2892,4.3101,4.6706,1.139,0.4401,0.2598,0.3507,0.4407,0.2793
4/19/2018,83,0.3503,0.3609,0.3501,0.3492,0.8312,0.2691,3.1515,7.2391,3.0698,3.9507,10.4507,2.259,2.76,4.4304,0.671,7.3592,7.2005,4.26,14.3507,26.4405,9.4598,7.5492,4.841,3.4702
4/20/2018,83,11.1594,7.1503,5.9507,1.5594,0.4308,0.2598,0.3492,4.0503,5.86,12.3511,14.8395,5.4604,5.5503,2.4499,3.06,13.7191,13.4009,3.4698,0.3596,0.4308,0.2691,0.3507,0.4304,0.2695
4/21/2018,83,0.7507,0.3507,0.3492,0.3503,0.4297,0.2598,1.9709,12.0297,9.4702,13.9496,9.6412,4.6598,1.9492,8.8503,14.26,19.9511,12.0397,4.6602,1.5401,0.4401,0.2598,0.3496,0.4304,0.2706
4/22/2018,83,0.3492,0.3507,0.3399,0.3507,0.4395,0.6662,3.5594,2.4503,7.8702,11.9503,16.0401,11.4598,8.76,22.8304,17.4706,22.739,16.0499,2.26,1.1507,0.4299,0.6602,0.3492,0.4412,0.2691
4/23/2018,83,0.3507,0.3605,0.3492,0.3507,0.4395,0.25,5.9607,8.8297,7.4201,8.9796,8.4702,1.0706,0.3503,0.4401,0.25,0.5999,9.2003,13.0702,25.5503,8.4401,2.2691,0.3507,0.4297,0.2609
4/24/2018,83,0.3492,0.3605,0.7407,0.3492,0.4308,0.2702,1.9496,4.8397,0.6706,3.1507,10.4313,8.2496,4.7575,4.4409,6.2598,13.7786,17.6504,12.5103,24.4997,27.9113,7.4598,6.7496,6.8912,0.4195
4/25/2018,83,0.5403,0.5505,0.5303,0.5392,0.6806,0.4093,8.1311,25.4895,35.5916,40.1381,17.4741,17.1986,20.5512,29.8576,19.2114,20.6013,33.5362,13.4808,14.2503,16.6725,2.3978,0.5194,0.681,0.4089
4/26/2018,83,0.5509,0.5403,0.5403,0.5392,0.6708,0.3896,3.732,12.2887,10.0001,7.7424,0.6697,0.3902,0.5403,7.4701,6.3984,3.7617,10.6803,9.7591,13.4307,12.6701,9.9898,7.3396,9.0706,5.2098
4/27/2018,83,6.9453,6.9414,7.3396,1.7501,0.6914,0.3998,2.5609,5.6103,1.6106,8.2002,16.9594,10.4908,5.8392,4.3313,0.3998,8.1099,16.8674,7.7498,14.1359,8.2695,0.4102,0.5411,0.6706,0.4102
4/28/2018,83,0.5496,0.5401,0.5503,0.5498,0.6704,0.4202,4.3505,1.9302,2.8091,11.3405,44.2708,31.6093,20.1403,19.8803,13.9998,23.0296,27.7408,5.7802,0.6996,1.0704,0.3902,0.5392,1.081,0.4106
4/29/2018,83,0.5492,0.5401,0.5407,0.5505,0.6795,2.4102,6.5594,9.0803,0.4109,6.9392,11.8701,3.5998,2.5411,1.4799,4.39,11.8707,15.5397,9.2102,11.3296,6.6704,0.4102,0.5296,0.6708,0.4098
4/30/2018,83,0.5392,0.5407,0.5401,0.9407,0.6697,3.2102,9.7311,13.0797,5.6002,7.3292,9.0801,5.2102,7.3407,8.2801,4.0091,9.1105,12.3605,1.6091,4.5205,5.8501,2.0102,0.5305,0.6797,0.4099
5/1/2018,83,0.55,0.56,0.5402,0.5398,0.6601,0.3997,5.3302,15.4793,5.1983,4.9508,0.6799,2.0099,4.5504,1.8701,0.4099,6.6002,19.3399,17.7799,13.3502,9.2399,3.5799,2.6098,0.6703,0.4099
5/2/2018,83,0.56,0.5398,0.5504,0.9402,0.6801,2.7999,16.952,34.6705,24.7995,22.5584,16.6701,7.6099,6.9398,4.2801,5.2099,8.6301,7.8305,7.5699,14.19,14.6701,3.1897,3.7302,4.2899,0.3999
5/3/2018,83,0.56,0.5402,0.55,0.5398,0.6801,0.3999,0.5402,1.8903,3.2099,3.7402,5.0597,2.8003,3.7398,1.8701,0.3897,0.81,13.5702,11.8099,28.6898,24.6301,7.6199,6.1302,1.0803,5.2199
5/4/2018,83,5.7502,2.1298,0.5402,0.5296,0.6903,0.3999,0.5398,9.4803,12.4099,13.3402,8.2799,1.9899,3.3506,9.8697,6.0099,6.87,21.6501,21.0403,28.2298,19.8799,5.4501,2.5,0.4401,0.2599
5/5/2018,83,0.4098,0.5402,0.5498,0.9406,1.8697,2.8203,3.3398,3.8699,2.8001,10.5302,4.2497,2.7999,4.53,14.6701,14.3899,17.33,19.8601,6.7997,14.1262,11.0597,0.3901,0.5302,0.6797,0.3999
5/6/2018,83,0.5604,0.5398,0.55,0.5402,1.0797,0.4103,10.15,7.4697,5.6103,2.54,8.6597,6.4103,22.1298,20.6601,2.7997,4.2604,11.6701,0.9299,0.52,3.4601,2.7897,1.7302,0.6697,0.4003
5/7/2018,83,0.5398,0.5498,0.5404,0.5398,0.6701,2.0099,20.1426,28.6799,16.0001,20.1302,13.4799,5.2099,7.7204,5.8701,0.3999,1.2599,15.01,17.3801,20.2698,5.8399,0.4103,0.5298,0.6601,0.4301
5/8/2018,83,0.5398,0.5502,0.5398,0.9504,0.6599,0.4003,0.5396,0.6601,0.4099,2.9402,7.0697,3.2001,3.7298,11.4599,10.0103,9.9998,4.3303,3.6099,10.9258,21.8601,7.1901,3.3298,1.4602,2.8
5/9/2018,83,4.14,3.74,2.54,0.53,0.67,0.4,3.3328,21.4688,11.5924,3.3384,0.67,2.79,1.73,2.25,3.57,6.82,12.0604,21.56,29,17.68,5.17,6.59,1.88,0.41
5/10/2018,83,0.55,0.54,0.54,0.55,0.67,0.39,3.3384,4.6696,1.2008,0.54,0.67,0.4,0.54,2.27,5.2,7.67,13.25,10.2904,11.28,8.39,1.6,1.73,2.66,0.42
5/11/2018,83,0.54,0.55,0.53,0.54,0.66,0.4,0.54,5.87,5.2204,3.34,7.08,9.21,6.94,5.48,8.81,24.28,23.24,12.21,8.22,3.06,4.4,0.94,1.0604,0.4
5/12/2018,83,0.55,0.55,0.52,0.54,0.67,0.41,0.94,9.88,9.6,19.33,11.09,0.8,7.73,17.4804,17.21,11.74,21.07,10,8.13,9.06,2.01,0.53,0.67,0.41
5/13/2018,83,0.54,0.55,0.53,0.54,1.0804,0.41,13.34,16.29,11.2,10.94,13.87,6.81,2.94,6.27,8.4,15.73,13.99,8.84,12.97,10.6604,5.2,2.13,0.66,0.4
5/14/2018,83,0.54,0.54,0.55,0.52,0.68,0.4,17.328,30.29,14.3904,10.94,13.4804,2.4,0.53,1.88,5.2,7.8,9.89,7.77,4.64,0.73,0.41,0.53,0.67,0.41
5/15/2018,83,0.54,0.9404,0.53,0.54,0.68,0.41,2.54,0.65,0.41,0.54,0.67,0.41,0.53,0.65,2.4,4.2904,4.14,7.2,18.13,18.64,5.6,1.73,0.66,0.4
5/16/2018,83,0.54,0.52,0.54,1,7.65,1.84,2.1372,8.2532,11.6,11.3288,1.05,0.4,2.92,4.67,0.39,7.38,23.01,9.26,11.44,22.62,16.15,18.8476,24.8936,14.296
5/17/2018,83,15.712,10.1192,6.35,0.78,0.67,0.41,3.3428,5.07,0.4,0.936,3.07,0.39,5.3404,24.2636,11.196,17.052,40.7992,33.6104,47.012,31.9692,1.6512,0.53,0.6901,0.39
5/18/2018,83,0.55,0.54,0.53,0.9477,0.66,0.4,1.74,5.06,2.02,11.73,11.86,5.2,5.73,16.26,4.81,1.72,31.97,18.18,19.2026,10.09,4.79,4.72,2.25,5.21
5/19/2018,83,6.93,3.34,0.55,0.53,0.67,0.4,2.14,9.46,4.4077,11.34,9.46,9.6,16.94,30.65,10.82,5.73,26.17,7.54,6.68,2.11,0.4,0.53,0.67,0.8126
5/20/2018,83,0.54,0.53,0.54,0.55,0.67,0.42,7.33,23.08,11.61,10.93,9.48,3.19,7.34,2.27,0.7977,0.93,24.37,13,11.3,0.66,0.4,0.53,0.67,0.41
5/21/2018,83,0.53,0.54,0.53,0.52,0.68,0.8026,6.93,9.06,5.2,7.33,2.27,0.5,3.94,4.23,2.7982,16.852,41.3677,19.1315,25.7697,23.9425,7.9467,4.5213,6.04,9.74
5/22/2018,83,8.15,1.32,0.55,0.53,0.66,0.39,0.9277,0.68,0.41,9.3244,27.07,8.3977,23.7325,37.0592,16.8008,29.5075,46.0302,33.093,46.9792,45.8208,28.018,24.88,7.78,0.39
5/23/2018,83,0.55,0.54,0.52,0.54,0.66,0.4,0.56,4.798,11.7088,15.1554,3.7547,5.347,15.6522,33.334,27.3156,42.1782,68.0643,26.7008,31.985,33.9252,9.5163,9.0631,7.1792,0.4143
5/24/2018,83,0.5792,0.5544,0.5692,0.5492,0.7041,0.4095,3.0944,9.0281,5.4563,7.2644,11.4701,11.4392,28.3042,46.4755,40.3383,56.4158,69.159,32.8541,31.7842,17.9669,5.3715,7.1951,4.3332,0.4343
5/25/2018,83,9.0444,6.3952,2.0032,0.6112,0.7093,0.4243,1.9004,6.1441,7.4283,10.7784,17.5489,0.4395,2.0744,7.5601,6.4915,6.9932,29.8401,20.0655,14.1712,12.5341,0.4495,0.5592,2.4141,4.9895
5/26/2018,83,6.6492,6.6444,6.6892,1.9692,0.6992,0.4343,0.5643,14.4928,18.9315,24.9451,26.4992,10.4414,16.7631,19.0221,11.2503,8.5464,27.9581,16.9235,17.5152,16.5841,5.7175,1.0563,0.7089,0.4294
5/27/2018,83,0.5591,0.5692,0.5694,0.5692,0.7188,0.4295,5.2392,13.1332,10.1155,22.8471,42.9201,14.2343,15.1103,3.8161,1.7435,16.3344,26.3741,6.3183,1.7624,1.7981,0.4343,0.5544,0.7041,0.4195
5/28/2018,83,0.5792,0.5592,0.5644,0.5692,0.7141,0.4195,0.5692,0.7041,2.1815,8.5752,10.9613,5.6143,11.1964,5.3601,5.0063,4.2103,2.6981,5.3275,6.8452,2.9893,2.9363,2.9184,0.7089,0.4295
5/29/2018,83,0.5892,0.5543,0.5544,0.5592,0.6941,2.8195,7.1792,8.9513,3.9083,6.6864,0.8089,0.3994,3.3844,43.1459,31.8808,45.7543,56.8354,38.7311,47.3973,31.3041,16.1315,14.9792,8.0991,2.4743
5/30/2018,83,0.5692,0.5744,0.5692,0.5592,1.0003,4.0758,0.9048,16.4201,11.1484,11.7374,4.9749,2.4635,5.759,38.7865,21.2056,26.9577,43.6868,21.083,37.0201,40.3389,14.1654,10.5311,7.7021,0.4735
5/31/2018,83,0.5792,0.5644,0.5592,0.5692,1.5601,5.0215,9.7844,9.0729,5.4195,7.2144,12.4048,7.789,14.7115,28.3988,21.8218,69.163,96.7184,41.5852,44.3636,35.7132,13.3705,3.9332,4.2732,0.4294
6/1/2018,83,5.967,3.2012,0.7558,0.5742,1.0075,0.4194,0.579,3.8466,7.0209,10.384,7.9563,2.9761,0.671,16.2743,10.5346,12.669,37.2306,26.7834,26.0795,17.0518,2.8315,3.7534,1.0983,0.4193
6/2/2018,83,0.5742,0.5795,0.5692,0.5746,0.704,0.4396,0.8112,5.52,4.6779,12.7912,26.7582,11.3813,8.6923,13.427,10.0476,8.8712,26.4628,19.8455,20.5991,21.5277,7.9606,6.5343,2.3638,0.4295
6/3/2018,83,0.5692,0.5692,0.5643,0.5544,0.7287,0.4198,2.4133,5.5131,11.0274,23.0757,13.4895,5.9822,6.9993,12.4535,3.0854,2.6154,14.986,14.0615,21.5523,21.3883,5.0913,0.5693,0.6942,0.4247
6/4/2018,83,0.5644,0.579,0.5644,0.5692,0.6942,5.1288,7.034,10.2728,2.6893,0.6365,0.7043,2.0296,14.0475,35.1817,37.2708,41.3113,64.7506,39.2861,51.5874,44.7508,14.477,8.1328,1.3637,0.4444
6/5/2018,83,0.5644,0.5794,0.5649,0.5487,0.7138,2.0418,7.1954,8.9483,5.393,7.1579,10.6541,10.1281,10.0873,42.9122,18.1006,26.788,53.3931,28.4774,40.0987,29.7811,2.5237,0.559,5.0544,9.0594
6/6/2018,83,6.7092,6.5844,5.7791,0.5591,0.6892,0.4145,0.5544,4.2639,10.9022,17.8918,1.2278,0.404,4.9,19.7423,39.4125,54.7138,66.2213,28.4694,26.9428,25.92,5.5753,7.2572,6.1925,2.0058
6/7/2018,83,0.5692,0.5443,0.5596,0.5688,1.542,3.7332,7.2548,6.792,0.4098,2.7652,12.1155,19.13,21.8934,34.1077,32.2385,55.6205,92.095,56.9991,70.3923,52.1867,19.45,12.0106,10.5736,5.2115
6/8/2018,83,4.7011,3.9732,0.745,0.6523,0.9844,0.4298,1.8232,4.1084,0.4092,0.5592,3.0404,5.6398,4.3871,3.151,9.959,14.161,38.7573,26.4952,26.6892,20.0635,4.3017,0.5592,0.6943,0.414
6/9/2018,83,0.5749,0.5744,0.5592,0.5591,0.6995,0.424,4.4948,12.5286,8.2697,19.1972,37.5235,17.8572,19.5492,17.3624,15.0137,25.7092,42.0839,16.7438,12.3732,1.6343,3.4865,6.6334,3.8307,0.4296
6/10/2018,83,0.5791,0.5792,0.5647,0.5544,0.8468,0.6738,6.6152,15.1115,15.1512,22.6176,26.6727,10.7596,10.4643,21.8484,22.0091,23.1077,28.2231,6.0445,11.0765,11.0371,4.9593,8.7992,12.6455,2.9917
6/11/2018,83,0.5792,0.5591,0.5791,0.5544,0.7765,5.9838,8.0011,10.7897,8.1022,10.0877,5.0855,1.2684,6.9076,17.4325,24.1655,36.2526,90.5584,54.9873,47.1623,25.2139,6.5585,7.3352,4.4014,0.424
6/12/2018,83,0.5843,0.5696,0.5692,0.5691,0.7282,2.95,7.1704,8.9732,5.3758,12.3815,22.5047,19.3943,22.113,49.4323,51.3257,48.9156,49.8422,38.7023,52.7254,39.8171,10.2131,4.8292,0.6994,0.4197
6/13/2018,83,0.5491,0.5792,0.5692,0.5448,0.7139,0.9044,6.674,26.8195,14.2635,5.5498,7.5429,5.1285,13.3286,39.8887,46.0906,64.2155,85.3793,32.4518,30.4211,22.6891,4.1586,2.7112,4.4242,0.4197
6/14/2018,83,0.5692,0.5744,0.5791,0.5591,0.7287,0.4297,0.5543,0.7087,0.4298,0.7495,8.3292,5.0693,8.7801,18.7083,27.3857,51.7329,85.695,49.8025,49.4691,49.4869,14.73,8.589,5.3003,3.2381
6/15/2018,83,3.8892,0.6148,0.5543,0.5692,0.7134,0.4292,2.2032,4.3313,0.4198,0.5491,3.3579,6.3078,1.2492,9.6398,18.3652,15.2196,21.9019,21.3786,25.5664,13.1351,3.0652,3.7011,3.8496,0.4196
6/16/2018,83,0.5792,0.5692,0.5692,0.5543,0.7219,0.4197,4.7912,10.5398,5.9857,4.9844,9.4071,4.9993,2.5876,6.983,4.0826,3.8864,5.9243,9.0413,14.8097,17.5958,8.8318,3.9211,0.9144,0.4892
6/17/2018,83,0.5697,0.5644,0.5592,0.5744,0.7669,0.5257,0.6625,6.8903,4.4136,0.5592,1.0314,3.7041,10.9024,12.2532,0.4097,0.5544,21.4239,9.5398,10.0492,7.5903,5.2532,4.0117,3.5118,0.4298
6/18/2018,83,0.5592,0.5543,0.5592,0.5697,0.689,0.7738,3.9639,14.7766,7.8184,10.4063,13.0089,7.7535,9.2724,14.107,24.7728,57.7778,94.4661,39.556,24.2312,18.4431,2.3909,0.5444,0.6934,0.4198
6/19/2018,83,0.5684,0.568,0.578,0.5579,0.7063,1.4622,12.872,16.9578,5.4283,8.334,13.0462,6.7078,8.07,42.6263,39.2764,79.2404,109.4317,54.3382,51.4461,41.5242,11.1962,7.0101,3.3577,0.4302
6/20/2018,83,0.568,0.5539,0.5685,0.558,0.6962,0.4097,5.54,13.9845,7.4382,9.8981,22.3397,12.5003,21.99,38.8504,39.4237,65.3777,89.4458,40.6183,30.4661,39.4062,13.0438,10.506,1.3482,0.4102
6/21/2018,83,0.568,0.578,0.568,0.5579,0.7023,0.4202,5.7906,11.654,5.6462,5.9415,20.6961,7.2683,22.4905,41.1716,32.2506,70.7592,97.0729,54.804,55.6621,34.5242,8.1143,9.5259,1.7262,0.5378
6/22/2018,83,4.012,3.3804,0.604,0.564,0.6962,0.4097,3.288,7.8423,5.4302,10.122,18.1081,6.0811,9.0987,17.4364,9.6681,10.0358,28.6813,28.8209,26.362,11.1301,7.2219,9.0323,8.2022,0.4102
6/23/2018,83,0.578,0.716,0.6319,0.5545,2.2893,5.2041,7.1098,13.0447,9.8171,14.1148,25.1143,10.864,10.4063,9.9544,1.3395,15.0459,18.0905,15.4822,19.6822,21.3377,6.1984,0.7673,0.7725,0.4202
6/24/2018,83,0.578,0.558,0.564,0.568,0.7022,1.4942,13.0101,9.4978,7.3559,13.9008,21.5242,10.216,10.7257,21.3577,9.1106,1.7778,24.0337,23.4427,25.748,11.2055,4.1318,0.7171,0.6917,0.4242
6/25/2018,83,0.564,0.558,0.648,0.6385,0.7017,2.7623,11.1719,10.9323,6.2637,13.0106,14.5637,9.8803,14.554,20.7903,11.1258,42.892,52.7703,29.0998,24.8705,15.1238,4.1622,0.972,1.1282,0.6838
6/26/2018,83,0.9225,0.9059,0.926,0.906,1.1342,0.6838,3.4325,5.2497,1.2243,0.952,20.0083,10.6358,9.184,13.0763,27.2122,59.7741,97.4599,54.342,65.1201,36.876,9.1837,7.322,9.9183,8.0722
6/27/2018,83,9.644,4.5939,4.362,3.58,1.1382,2.9282,3.906,1.1483,0.9377,4.1721,4.1522,0.7643,4.908,21.5698,25.0103,54.796,101.5182,53.5898,61.8361,34.0882,13.5183,14.212,7.3902,3.1037
6/28/2018,83,3.07,0.9405,0.928,0.918,3.2422,14.9677,24.7041,38.5742,18.0283,14.516,5.7282,0.6958,7.218,24.7863,21.6842,44.1301,77.9437,36.6043,32.2961,30.5562,16.0778,15.948,4.6425,0.684
6/29/2018,83,3.986,4.232,1.116,0.96,1.13,0.674,2.33,5.596,1.732,7.614,9.478,1.756,0.914,3.69,8.972,11.64,37.634,23.988,32.734,17.72,8.09,7.6,3.462,0.674
6/30/2018,83,0.93,0.928,0.928,0.924,1.172,0.684,0.918,3.796,10.544,16.208,20.086,9.704,17.482,9.228,1.386,4.476,24.266,15.542,16.372,10.064,5.496,3.552,1.152,0.684
7/1/2018,83,0.925,1.4032,0.9037,0.9315,1.1355,0.6929,6.9172,12.8038,10.6274,9.0672,22.036,10.7169,13.2929,17.1757,8.0532,13.0094,20.9817,5.5209,19.0455,11.504,0.6709,0.9032,1.1235,0.6834
7/2/2018,83,0.9195,0.9252,0.9293,0.8937,1.1335,1.5114,45.9834,71.5577,30.3979,32.2821,30.6951,7.6028,17.4035,39.1029,38.5302,68.0002,83.1257,27.433,31.0819,41.0538,16.5229,9.6512,1.7538,0.7052
7/3/2018,83,0.9152,0.9518,0.9052,0.935,3.6469,5.4331,7.3008,9.0763,5.4583,7.263,15.7494,6.1885,3.4942,22.9773,53.8742,73.7687,98.5727,44.732,35.9981,20.1006,5.6072,6.5285,1.6289,0.7115
7/4/2018,83,0.9252,0.9372,0.9315,0.9057,1.1675,0.6892,0.9152,12.0797,11.4769,20.5237,14.8837,8.1792,9.4169,9.3797,8.8269,5.3397,2.6197,11.8871,20.1032,12.514,5.4906,2.0217,1.1355,0.6929
7/5/2018,83,1.7777,0.9092,0.9157,0.9052,2.8395,0.7734,3.3605,13.2219,5.9498,6.3715,1.1137,0.6506,0.92,18.3217,21.2457,41.8592,60.0798,28.3856,23.3415,23.4306,8.6101,2.0643,2.7072,1.8533
7/6/2018,83,1.818,0.8817,0.9195,0.8709,1.1,3.8386,14.548,21.0775,12.5951,14.1672,10.0695,13.8174,17.4172,4.148,4.9009,10.0011,45.2112,51.5213,49.3979,41.3611,8.5269,1.2615,1.1435,0.6934
7/7/2018,83,0.9075,0.9232,0.9415,0.9132,1.1435,0.6934,2.7852,10.628,7.8512,1.3232,1.5435,7.9392,16.1012,17.2597,5.7152,2.4714,16.3378,22.1431,27.2852,15.53,0.9929,0.9195,1.1335,0.6631
7/8/2018,83,0.9332,0.9195,0.9134,0.9295,1.1337,0.6872,2.3549,6.6483,8.0509,10.6872,1.522,2.1252,0.9069,1.148,0.8549,9.0277,46.3238,15.0389,25.5754,11.1215,0.6794,0.8912,1.1518,0.6909
7/9/2018,83,0.9134,0.9095,0.9232,0.9132,1.13,0.6709,7.2214,12.3959,6.5654,3.7194,4.5732,1.0153,11.8028,52.4369,32.9067,53.0084,100.0144,49.9573,42.6181,32.7748,8.3049,3.7355,5.2115,0.6872
7/10/2018,83,0.9232,0.9352,0.9095,0.9132,1.1215,4.4484,25.053,20.0945,10.1109,10.1563,20.6576,10.1608,42.2003,58.9888,40.3522,57.5303,91.0673,54.2123,71.2522,44.2298,17.7171,22.7994,19.4051,8.695
7/11/2018,83,2.0161,0.9112,0.9012,0.9175,1.3798,5.0946,0.9075,21.6149,25.039,25.7347,28.0001,17.5695,33.0535,55.9008,52.3065,61.4435,110.1492,62.2203,74.1115,73.2523,32.8316,15.6763,4.3338,0.6929
7/12/2018,83,0.9132,0.9395,0.9012,0.9275,1.1195,0.6809,10.3071,10.6282,0.6221,2.6179,4.1943,2.731,13.0985,21.3381,30.2005,63.4081,100.9742,47.7757,54.6024,54.4609,17.2922,10.2765,11.5012,17.1477
7/13/2018,83,12.3356,7.2749,7.1633,3.4474,1.0699,2.4149,7.5275,13.5795,6.2969,14.0072,14.8918,6.2749,5.1592,7.74,5.5032,10.6193,26.9673,21.0332,21.2012,17.7658,8.0589,3.6812,0.9378,0.5269
7/14/2018,83,1.0575,0.7932,0.8272,0.8052,1.8376,3.1208,9.6954,28.1912,24.8156,27.517,28.374,11.3647,14.9894,20.3497,12.6491,15.7513,32.882,20.3121,32.2441,26.9981,8.8629,7.0851,4.4278,0.5969
7/15/2018,83,0.8252,0.9027,0.8335,0.7532,1.0235,0.5809,1.6235,5.5295,0.6408,7.7975,13.9359,5.1029,3.8492,9.9718,8.8329,4.7895,33.9615,12.5769,15.1392,17.6558,9.3989,3.8655,0.9975,0.5829
7/16/2018,83,0.7912,0.8435,0.8252,0.8072,1.1414,2.4389,13.1518,12.6695,6.1212,9.7492,9.1778,5.5129,7.3032,15.7336,27.3162,56.9899,68.5605,40.7828,33.1069,15.3349,5.3372,10.5832,5.4195,2.9309
7/17/2018,83,2.5975,0.7212,0.7375,0.7192,1.5258,18.2419,36.1252,41.2784,19.1637,12.8736,12.8082,6.1924,4.8347,22.2697,39.7869,70.6295,107.5753,54.2532,68.5978,49.0537,14.1349,9.7029,1.3354,0.6109
7/18/2018,83,0.7715,0.8272,0.7995,0.7792,0.9843,2.9959,6.9777,8.6903,5.2141,3.5442,13.5806,5.3408,13.5619,26.9013,45.9171,42.6329,44.7315,29.2414,36.6204,34.7181,16.8302,10.0084,1.1327,0.6863
7/19/2018,83,0.8525,0.8905,0.8985,0.9083,2.3061,5.5363,6.0014,17.1379,10.3027,11.7582,2.9702,1.9052,5.431,12.0502,17.398,53.3512,112.5012,63.3883,59.3178,79.1335,30.632,12.3424,2.7012,11.8066
7/20/2018,83,16.8365,11.6642,7.1601,5.2887,1.1066,1.2928,0.7188,0.8862,0.6374,0.7088,0.8799,0.5471,5.7142,11.4525,3.5467,9.5541,38.5603,29.0294,30.5684,24.9322,10.7268,13.5568,4.7319,0.5471
7/21/2018,83,0.7705,0.8148,0.8425,0.7745,0.9562,0.5471,0.7145,14.3202,16.8991,28.4225,39.8082,25.0228,20.9168,16.6102,9.5508,18.3985,30.6665,16.7088,25.8085,23.4745,13.1108,14.7745,3.2562,0.5731
7/22/2018,83,0.7725,0.8205,0.8085,0.8148,0.9922,0.5768,0.7088,0.8962,0.9068,4.1108,10.8022,10.4068,13.4188,25.5179,18.8651,28.3825,44.3822,27.1451,9.6685,5.0582,5.6268,6.7628,3.8562,0.6028
7/23/2018,83,0.8065,0.8065,0.7788,0.7145,0.8962,2.2637,18.0901,32.89,14.6139,17.9253,17.2546,12.5496,12.9784,25.1354,34.3315,70.206,112.2001,61.1284,45.9595,23.3762,9.9749,6.3284,2.997,5.1988
7/24/2018,83,3.0185,0.8908,0.8325,0.7145,2.6527,8.8586,9.5853,17.0234,10.2868,10.584,20.0456,10.2106,36.0657,30.0739,32.6537,45.8605,90.7229,38.7476,43.168,24.3639,8.3748,16.7647,10.2499,0.6551
7/25/2018,83,0.7345,0.7225,0.7765,0.7108,0.9082,5.2868,11.0823,0.9739,1.8227,16.2401,3.4052,1.5454,45.1559,61.795,37.9162,44.4856,87.2237,57.3334,71.1887,57.2935,23.6899,30.6385,15.3638,7.5322
7/26/2018,83,7.2725,7.29,7.2528,7.1551,9.2627,13.4986,17.4804,18.0319,10.4163,6.955,8.7177,6.1981,20.6748,38.9868,24.4545,51.8473,79.6359,72.1432,82.7399,79.5805,39.9829,52.9171,44.7013,17.6251
7/27/2018,83,5.8156,1.0045,0.8325,0.7985,0.8962,0.5371,3.1445,11.6562,8.5731,2.9465,0.9842,9.1008,12.0605,7.4185,4.9488,21.6725,46.3605,24.8805,22.8468,21.7602,14.8528,16.8945,21.5965,11.8668
7/28/2018,83,14.1825,13.0168,7.7545,7.4685,1.6282,0.5351,0.7245,5.5762,5.8891,14.7925,8.0562,8.8431,18.8145,20.4042,8.3848,14.6908,33.2039,12.3651,11.6925,5.3702,2.0851,0.8025,0.9682,0.5568
7/29/2018,83,0.8448,0.8205,0.8205,0.8248,0.9802,0.5528,9.9528,21.9302,8.7268,16.4385,18.2785,15.5208,25.7225,28.0405,19.0608,23.6545,44.2402,11.8808,12.4248,26.1422,11.3548,5.4645,2.4402,0.6091
7/30/2018,83,0.8205,0.7308,0.7125,0.7025,0.8962,0.5251,16.5347,32.09,20.1733,27.3767,31.9536,17.5182,20.1505,30.7135,19.457,38.1748,78.4059,31.3524,18.0136,4.9333,0.5965,19.1316,15.2918,1.2524
7/31/2018,83,0.7465,0.7025,0.7245,0.7265,1.4058,10.0217,17.3836,13.2687,6.9599,4.1905,5.1099,4.8078,12.8579,33.4022,58.5414,39.8474,63.5414,20.2861,26.3093,44.5804,12.5462,28.0679,19.5512,2.2178
8/1/2018,83,0.8138,0.7605,0.7525,0.7144,1.2287,9.9137,20.3788,41.4193,20.6896,11.0418,1.4297,12.349,16.8564,24.9434,27.4564,46.5022,73.6553,48.4204,55.6989,48.1166,21.4763,23.405,18.3842,10.0757
8/2/2018,83,13.5122,11.0358,2.1291,0.7385,0.8881,1.7699,14.4527,2.3179,0.5051,5.6795,15.851,10.1779,46.5169,87.5875,53.8551,48.3621,78.5734,49.9629,60.5701,38.753,7.1363,24.9033,14.4189,6.4286
8/3/2018,83,5.3725,2.5367,0.7145,0.6964,0.8843,0.5409,6.256,14.576,5.0693,9.1281,16.4407,14.3728,20.2926,41.7578,21.183,12.5,25.7391,20.7708,25.3528,30.8941,16.1771,19.9921,16.9741,10.7412
8/4/2018,83,11.3564,11.0063,10.9723,8.8998,1.1181,0.557,1.9025,12.2781,8.8172,11.8145,9.9899,11.5832,11.8504,8.9281,3.1669,8.0241,21.2467,19.3645,10.8265,17.3784,6.5285,7.5327,5.1328,0.5785
8/5/2018,83,0.7505,0.7688,0.7865,0.7505,1.1042,0.5368,1.8147,19.3381,12.0271,10.8745,14.2881,1.0368,4.7104,14.1321,10.5568,21.3231,55.1937,11.2772,15.6001,12.5541,5.4989,4.7728,1.4086,0.6087
8/6/2018,83,0.7845,0.7143,0.7188,0.7125,0.8741,0.7609,21.1739,29.1971,11.5043,12.4452,14.0157,14.2287,26.324,43.0434,43.3949,49.5264,62.6654,30.4331,34.8441,29.8029,11.5839,20.645,9.8425,5.3708
8/7/2018,83,7.2253,7.2286,2.0598,0.8048,0.9117,0.5832,0.7024,9.0159,7.39,6.2819,11.421,10.221,16.3647,44.8103,23.6592,45.7137,75.388,41.9776,56.7814,55.638,14.2205,23.1383,22.8986,10.1643
8/8/2018,83,11.2214,8.79,1.5528,0.7845,0.8799,0.5371,4.4508,1.0119,0.5351,0.6925,1.6336,3.4886,20.7742,43.0265,42.3772,67.6297,96.8197,56.7167,50.2598,37.1615,10.9625,18.8011,9.3542,1.9193
8/9/2018,83,0.8085,0.8305,0.8205,0.8205,0.8862,0.5385,6.2488,13.5142,10.32,13.645,8.6914,7.7525,32.146,40.7474,27.0446,52.2021,92.9261,46.1675,41.8976,32.2264,4.4865,25.4872,30.3256,12.1346
8/10/2018,83,9.7904,2.1515,0.7605,0.7605,0.9159,0.5471,0.7145,2.207,4.891,18.3916,17.127,10.9087,14.457,11.3494,4.2609,13.9844,52.9852,30.5617,24.2971,15.8063,4.3768,1.4534,1.3917,0.683
8/11/2018,83,0.8305,0.9848,0.8405,0.7921,0.9042,1.0031,7.8146,17.1623,17.1953,32.0642,28.4802,4.7629,8.3641,19.1289,8.8566,12.0585,33.7542,18.8668,19.5905,2.1425,2.3908,4.3285,1.3724,0.6449
8/12/2018,83,0.8085,0.7125,0.7188,0.7145,1.1235,0.5371,7.2088,18.1959,11.0871,4.8705,6.9042,6.5011,9.4485,15.3502,5.7928,16.3145,54.6665,34.9948,24.6125,8.2202,0.5308,0.7625,1.0085,0.6248
8/13/2018,83,0.8105,0.8168,0.7865,0.7145,0.974,0.9568,10.7061,17.0505,12.5652,16.7033,9.7204,0.6848,3.7939,14.7114,19.4788,25.1861,53.1425,37.8682,42.812,31.6804,8.4239,48.6834,56.6341,18.6919
8/14/2018,83,8.7008,7.5485,7.4945,7.5068,5.8581,0.6691,1.0321,3.7837,3.2329,14.3533,21.2907,12.8874,36.5554,57.1332,30.3473,33.3875,85.6976,40.2226,33.761,27.2733,4.5104,41.7463,27.3717,1.193
8/15/2018,83,0.9185,0.9145,0.9165,0.9165,10.0068,15.1597,22.7853,40.0853,26.4197,31.5468,20.9704,10.1706,19.4561,34.1986,41.2519,20.2248,58.3558,30.0952,28.823,9.8351,0.7048,58.9375,67.7353,24.6693
8/16/2018,83,4.7237,0.9045,0.8945,0.9045,1.1242,0.6691,7.6011,17.1795,17.0039,20.3812,23.7301,6.0436,33.9923,46.6363,48.8015,62.6193,80.3675,27.4814,12.345,7.5744,0.7196,43.8257,50.7294,20.964
8/17/2018,83,7.23,1.1,0.916,0.904,1.9662,3.2315,3.6117,1.144,0.684,0.884,1.124,3.224,10.8622,19.7763,20.0194,32.0067,69.3198,40.5083,39.134,19.394,9.276,1.024,1.134,0.672
8/18/2018,83,0.938,0.916,0.916,0.914,1.3254,0.672,7.068,10.298,10.552,19.062,29.9916,18.2482,25.8687,35.89,14.568,13.227,34.6449,19.8559,12.0361,7.09,3.7461,3.9919,1.178,0.698
8/19/2018,83,4.32,5.964,1.368,0.916,1.4277,0.672,0.894,1.126,8.798,9.514,9.07,7.698,7.138,9.51,5.67,6.36,26.838,18.348,31.16,28.896,9.614,3.556,1.14,0.694
8/20/2018,83,0.902,0.916,0.918,0.884,1.4138,1.19,21.062,19.354,13.834,21.884,20.242,20.782,48.9177,66.4646,55.2435,58.5661,88.6122,53.466,61.498,36.018,5.46,39.382,44.336,24.774
8/21/2018,83,27.364,16.442,7.402,7.284,9.104,6.51,25.7167,41.6197,25.1362,25.7414,19.6786,15.234,26.518,53.8597,52.6379,23.6375,48.1146,44.18,57.878,33.284,4.578,37.64,30.62,11.834
8/22/2018,83,8.532,7.31,5.292,1.004,3.436,9.31,13.948,16.094,10.628,20.61,14.258,12.752,40.3961,78.0437,63.8277,61.9124,78.624,31.518,22.434,3.718,0.7,50.192,57.402,18.598
8/23/2018,83,20.228,18.016,8.076,0.916,9.408,6.656,24.438,19.49,5.68,7.508,21.212,11.946,25.376,53.366,36.766,47.872,76.072,33.74,55.442,45.372,12.976,39.874,29.33,6.26
8/24/2018,83,4.562,4.236,2.52,0.982,1.984,3.254,4.36,5.48,3.268,3.99,13.808,18.77,30.014,39.452,23.25,29.004,71.46,43.068,43.902,32.564,14.418,14.07,15.848,5.606
8/25/2018,83,7.48,7.478,4.728,0.904,1.442,0.662,7.792,20.322,11.608,11.172,9.452,2.98,7.336,24.91,8.318,8.178,30.174,10.756,9.436,1.268,0.684,0.906,1.124,0.684
8/26/2018,83,0.916,0.916,0.896,0.912,1.236,0.662,0.916,9.694,5.646,6.578,10.922,7.27,5.326,3.176,9.014,14.272,34.036,18.008,20.402,17.9,3.654,0.924,1.146,0.692
8/27/2018,83,0.916,0.938,0.916,0.902,1.138,19.09,19.306,30.742,21.652,23.862,17.95,10.522,21.754,45.282,39.436,58.142,93.172,33.234,25.206,16.068,8.478,41.728,34.398,7.11
8/28/2018,83,7.544,7.47,2.908,0.904,1.214,1.996,10.478,14.126,8.144,13.996,19.87,13.116,25.506,49.714,44.964,33.052,45.478,38.55,34.864,24.056,9.032,29.386,25.418,10.192
8/29/2018,83,8.792,7.252,7.268,7.244,7.554,0.756,3.358,22.448,8.018,10.854,26.834,19.02,26.752,40.826,33.684,42.122,64.62,41.548,33.54,9.262,0.674,37.61,36.438,12.686
8/30/2018,83,11.626,5.148,0.926,0.914,8.906,11.164,25.746,41.35,22.71,19.91,10.712,15.696,42.212,66.66,51.152,80.546,111.522,83.23,76.126,59.12,4.216,3.976,12.848,7.978
8/31/2018,83,9.556,11.478,5.614,4.26,8.098,5.91,7.89,7.71,5.652,11.528,11.282,10.128,15.694,10.842,7.442,15.096,48.194,46.114,52.712,39.5,11.574,1.388,1.978,3.274
9/1/2018,83,4.3572,10.2442,10.5511,9.9277,1.7364,0.6713,0.8841,5.5176,0.6598,6.1109,14.6078,14.4598,9.3968,15.4484,5.4478,14.1132,29.9268,20.9974,12.3281,12.6086,5.2157,6.0402,13.6441,4.6056
9/2/2018,83,3.281,0.9279,0.8999,0.9007,1.1359,0.6823,2.419,15.9736,7.4424,17.5161,32.2345,15.1718,16.8939,38.7266,27.3773,34.7508,39.2623,5.8458,1.4587,1.1031,0.6718,0.895,1.4831,2.6476
9/3/2018,83,1.7122,0.928,0.8908,0.9101,1.119,2.6433,7.591,9.4458,8.9958,13.563,30.0862,18.5699,36.4669,28.8674,17.6239,37.547,35.4617,14.6043,8.2008,3.5216,0.6724,0.9995,8.9763,4.5826
9/4/2018,83,0.9212,0.8845,0.9613,1.0727,1.2156,2.1602,14.4921,31.6994,20.8585,23.0239,35.3333,37.8229,72.0997,74.1753,40.2263,50.8765,76.3694,34.3529,41.5196,19.0256,7.4294,30.548,23.9046,10.2556
9/5/2018,83,8.7602,7.2805,7.2756,6.1752,1.3356,0.681,7.1671,12.9849,4.4088,1.5802,9.8634,8.5267,26.1007,30.8617,34.083,24.6614,27.3307,23.2634,31.1809,20.4124,8.4593,54.5702,58.5139,22.5265
9/6/2018,83,14.3481,10.6292,10.6033,10.5661,8.8364,5.5743,16.9713,20.9034,9.2284,6.6184,13.1817,10.1381,25.0057,61.9618,62.4846,78.2552,126.7813,53.9271,45.6361,25.3735,10.9778,54.8532,47.9446,17.761
9/7/2018,83,16.517,5.4132,0.9168,0.8912,1.1243,0.6733,4.0629,9.0688,7.8647,15.444,10.1422,2.5453,7.8574,27.3984,29.0104,30.0963,40.9398,21.4717,23.2489,5.2107,4.5144,7.2368,6.1636,0.6772
9/8/2018,83,0.9,0.8787,0.9048,0.8949,1.0854,0.8412,8.2261,13.7717,11.2472,37.9655,34.8708,16.2333,12.7274,19.4197,18.3398,22.7608,35.9274,31.5926,20.0821,5.2716,3.0333,3.9441,1.4483,0.6798
9/9/2018,83,0.9049,1.65,4.2661,4.2355,5.3197,3.1683,4.2108,5.0208,9.6757,22.0309,20.2463,7.6998,21.1629,38.7082,12.5044,16.2974,45.4797,7.5038,3.0709,1.1357,0.6718,0.896,1.1189,0.6781
9/10/2018,83,0.9012,0.9269,0.8807,0.8949,7.8993,5.5641,0.8892,1.9904,3.036,4.1721,5.0205,10.4923,28.8419,36.828,20.9754,27.9155,60.9527,33.3183,29.2565,11.2905,3.3732,28.7802,31.2001,7.4157
9/11/2018,83,5.6056,0.8944,0.906,1.1641,8.8124,1.2873,16.3216,30.8754,14.9946,17.4037,14.9818,15.8375,28.0572,53.0489,48.7688,66.2183,94.7547,50.5597,47.5885,46.781,16.46,72.0672,81.9591,37.3035
9/12/2018,83,32.9797,16.5221,7.3118,5.3951,1.1168,0.6592,6.9349,26.0411,13.1668,8.2971,5.2177,3.2198,7.4688,28.9642,22.9456,34.5542,63.2732,33.6866,32.3246,19.9956,6.406,42.9286,42.094,21.3204
9/13/2018,83,20.8269,6.7205,1.1477,0.9055,10.8848,10.5604,15.2639,14.8969,4.851,6.8919,18.719,21.8154,28.4031,38.1834,28.6648,33.2091,99.2599,57.7122,63.871,43.3783,11.437,55.8083,58.6013,30.914
9/14/2018,83,37.7222,29.3552,20.1499,20.085,26.2864,15.1887,16.5379,8.6721,5.6527,10.5372,7.9777,7.2113,18.1774,23.7323,10.2518,12.9509,52.5989,33.7143,32.0199,19.7783,8.6698,11.4489,5.8903,3.2078
9/15/2018,83,4.2781,4.2455,4.2469,4.2572,5.3343,1.9127,5.72,10.5497,12.6333,13.1606,19.9735,6.8433,2.1573,4.3028,2.6878,3.6829,20.3142,29.8346,14.1721,10.2727,6.9113,2.4089,1.1243,0.7038
9/16/2018,83,0.9221,0.928,0.9175,0.9169,1.1509,1.6884,10.2463,9.7308,7.9633,14.4669,28.8188,11.3433,12.5906,12.921,7.1337,13.4483,32.1019,12.3018,15.3688,17.4317,6.1132,0.8994,1.1342,0.6603
9/17/2018,83,0.9049,0.9148,0.9112,0.91,1.1265,4.8004,24.4166,56.4844,27.4801,26.7078,21.8191,8.2466,14.3916,47.8725,46.1264,37.3614,78.5435,45.5205,59.3442,35.9188,7.2621,39.4674,35.2414,12.5272
9/18/2018,83,9.6668,7.3837,7.3777,7.3588,16.9326,18.0735,15.3039,20.0307,11.7312,9.3748,11.0896,16.5823,24.4697,21.6367,33.8011,60.165,100.2557,49.5062,47.4397,36.3596,5.6349,46.1397,54.5976,24.6043
9/19/2018,83,24.9897,17.9288,8.2737,7.3143,12.2176,5.9589,8.9777,19.9956,11.8223,6.8417,19.5965,24.1442,32.9485,28.0814,37.3745,30.2003,63.7236,42.1663,41.8428,24.1091,17.4423,49.8808,58.9276,31.7438
9/20/2018,83,36.3428,29.3311,14.9888,8.2897,16.7302,19.0718,19.7828,19.2751,14.2583,13.1408,28.339,14.6483,18.9888,22.0156,30.9837,45.5606,86.532,29.3836,36.2242,27.5316,7.5738,45.5168,44.9442,20.6452
9/21/2018,83,9.3863,2.3648,1.0077,0.9437,1.1162,5.9038,8.2388,10.8456,6.5178,10.2402,21.7287,15.1152,23.7248,32.5916,19.9962,13.0721,38.9207,25.1943,30.1711,20.5882,7.8603,3.6097,2.7384,5.5044
9/22/2018,83,2.2456,0.9063,0.8988,0.9157,1.1342,0.6878,1.5617,5.2267,7.4703,17.6197,11.5076,10.3803,7.0657,5.9307,12.7723,20.5911,36.1847,25.1383,13.8997,9.6762,5.7523,7.7017,7.6722,0.6983
9/23/2018,83,0.9037,0.9157,0.8923,0.8937,1.1327,0.6758,0.8917,1.1107,6.3923,21.2077,16.7896,9.7409,17.6351,20.8507,16.0763,15.7142,35.1836,11.6223,12.7557,13.2622,5.6183,1.4717,1.1356,0.6729
9/24/2018,83,0.9037,0.9137,0.9168,0.9157,8.0882,15.4498,29.3348,37.8996,24.8663,20.3617,15.8421,7.9963,18.5797,43.6341,42.1178,26.8462,23.2327,21.5032,27.5228,16.9656,1.0003,26.9397,9.6242,2.1823
9/25/2018,83,6.9663,4.0137,0.9157,0.8948,8.7422,15.7418,17.1697,13.7987,10.6192,5.3128,19.1896,3.5463,2.7722,17.3536,44.2903,62.4697,87.4221,43.7938,34.2188,23.2896,0.6858,47.3448,44.7296,13.0883
9/26/2018,83,3.5197,0.9268,0.9157,1.4777,9.9582,11.1323,16.0297,10.8867,9.3058,15.6235,17.1587,13.0276,19.0365,18.9316,34.6003,49.6317,72.6687,37.4303,22.7217,15.7296,5.0623,52.8677,48.9262,13.9623
9/27/2018,83,12.6837,1.7948,0.9037,0.9137,10.4442,15.8709,14.9577,7.0496,21.1985,19.8425,8.5996,8.2683,14.0302,40.5856,35.7703,55.4255,91.2291,52.1155,48.3798,16.3307,5.6643,31.3077,13.6297,5.752
9/28/2018,83,7.592,7.548,3.03,0.892,9.262,6.46,6.28,16.766,13.04,15.232,15.508,12.756,19.026,26.248,27.294,46.554,65.12,45.464,38.142,14.134,5.344,7.588,9.546,5.714
9/29/2018,83,6.496,0.906,0.894,3.042,10.098,8.09,8.51,12.326,17.48,25.204,8.602,2.88,4.276,8.698,2.16,5.45,59.702,43.696,32.08,18.038,1.09,0.916,1.128,0.684
9/30/2018,83,0.926,0.926,0.916,0.916,1.394,0.686,3.716,19.586,13.47,15.828,25.764,14.828,21.876,32.28,14.394,20.21,41.68,15.558,10.116,6.088,0.672,3.444,10.942,5.674
10/1/2018,83,7.5714,7.5736,7.5384,7.5541,16.2545,24.309,36.0559,31.9993,8.8956,10.3365,1.3734,2.2378,8.0702,18.4647,31.4495,30.7048,65.2018,44.6207,50.5352,32.9407,5.8236,40.8832,39.7305,2.4353
10/2/2018,83,0.8952,0.9074,0.9464,7.5292,16.1313,11.554,9.9473,5.1974,3.1453,5.9448,25.5983,18.7613,18.3465,52.2431,43.8929,41.1288,64.2695,45.3935,35.0846,14.6985,8.8672,44.908,35.8906,15.3898
10/3/2018,83,20.3053,20.1274,13.5684,7.5474,16.746,24.4696,41.559,44.1628,10.8977,5.3909,1.1828,5.3081,7.0759,18.5855,36.3038,30.72,58.8814,53.7213,57.358,36.6714,11.5033,50.4579,45.8211,10.951
10/4/2018,83,8.0631,4.2481,1.8817,0.9014,23.0107,15.2269,10.6408,1.1239,0.7033,0.8904,5.2626,8.0514,10.9954,44.2786,57.7038,62.5717,119.8988,70.5096,60.3159,40.2768,18.8321,68.7075,61.0174,24.3369
10/5/2018,83,14.3618,10.5066,1.4724,0.9223,10.8177,14.4688,23.6093,15.1591,10.6195,33.6167,36.5433,17.7247,18.5061,16.6071,19.6586,14.7993,34.1463,45.591,43.4804,20.1957,3.2092,1.9604,4.6037,5.6954
10/6/2018,83,7.5884,7.6001,7.6057,7.5974,9.4804,6.2413,8.9971,23.5169,18.5779,23.3197,45.1383,11.8053,10.1504,11.0647,3.359,4.6774,48.3247,25.1299,12.8237,5.8677,0.6679,0.8957,1.1193,0.6934
10/7/2018,83,0.8968,0.9121,0.9004,0.9004,1.6694,5.7614,13.3264,22.4263,12.4444,7.6567,20.2692,18.2754,24.4821,23.8379,16.1192,23.0144,43.8382,25.9045,14.3485,9.6631,5.7375,7.7314,2.9105,0.6934
10/8/2018,83,0.9003,0.9176,0.9133,0.9023,1.1102,2.0344,13.9713,17.5927,10.6232,14.2405,25.5875,15.3874,27.8285,24.0254,21.0427,34.5017,44.2431,29.5552,23.0144,8.8072,3.5172,4.7353,2.2267,0.6732
10/9/2018,83,1.9623,4.3533,4.3916,4.3523,5.4515,10.9662,8.6312,10.465,13.2606,23.8958,22.3481,12.5375,15.9876,37.2528,49.3208,52.5449,94.2718,47.2884,36.2168,35.5061,3.9856,46.8165,69.1807,20.1959
10/10/2018,83,9.8606,4.3531,4.3243,4.3023,12.6054,22.4254,27.6401,19.2236,9.4093,8.0761,15.4554,12.6078,19.3262,41.9812,44.4208,54.1948,89.034,38.8278,26.4702,15.3937,7.461,33.7525,22.5106,13.7617
10/11/2018,83,8.5193,7.7968,7.7985,6.9148,8.6105,5.8499,37.8896,53.3231,21.7376,15.5875,26.2068,17.8584,34.2963,32.2005,19.8029,37.5233,49.4955,29.1542,20.8606,16.8705,10.0809,29.9587,28.337,13.8517
10/12/2018,83,13.2692,10.7538,8.0523,4.3194,13.2964,6.4825,7.6343,2.3515,2.2634,16.6223,11.1287,7.1874,15.44,20.4088,17.5822,27.7885,51.9629,23.0122,22.8143,15.6207,8.3552,11.2005,13.9435,8.3654
10/13/2018,83,9.3923,7.5343,4.3066,0.9103,1.1302,0.6704,0.9013,1.1125,4.2674,16.2523,13.5844,1.9047,1.6203,14.7574,8.6414,4.2673,40.7627,25.4092,15.4643,9.5357,0.6612,0.8803,3.5722,5.6334
10/14/2018,83,8.7816,14.0583,8.5443,7.5953,9.4747,10.4839,15.1856,31.9897,21.8981,19.3596,13.6474,4.6134,6.8513,13.1027,12.3581,19.2656,48.3875,18.1501,14.8136,8.3262,2.0852,0.9336,1.1194,0.6779
10/15/2018,83,0.9286,0.9123,0.9176,0.9123,9.7804,26.6146,32.3702,38.9458,25.2003,22.7616,20.3024,16.0834,22.535,29.8521,33.9329,33.7223,47.7047,49.5228,43.4835,25.4899,13.009,35.4318,14.4628,7.5539
10/16/2018,83,5.6546,4.3443,4.3603,4.3156,12.9892,12.9223,9.4731,4.1986,6.7472,8.9597,9.4691,8.2092,13.1145,32.6815,25.1837,39.9267,77.1977,35.812,31.1467,18.0557,5.6982,50.5503,73.9334,33.1122
10/17/2018,83,34.0878,16.6018,13.9388,16.1798,27.1747,26.3539,33.3202,31.3334,14.0949,11.1978,14.8636,14.7602,14.948,38.4587,46.8841,67.3833,95.5385,48.39,47.0438,30.3636,2.5342,49.2658,50.1706,18.924
10/18/2018,83,23.3758,18.0748,6.3778,4.3458,17.5984,12.772,18.3798,26.2816,8.2083,7.67,3.7966,4.8402,15.7922,31.1172,30.4028,42.2882,78.5278,53.544,51.6478,23.9376,7.6422,52.7828,56.5734,13.1862
10/19/2018,83,12.3718,16.4268,16.9816,9.9158,13.1384,8.4942,8.9898,4.4624,6.3282,17.8538,28.2896,19.612,20.1223,34.0228,15.0477,9.536,35.4995,32.3325,43.4058,38.1244,13.8107,7.587,9.813,5.7062
10/20/2018,83,7.614,7.6158,9.588,11.0018,13.7266,8.2292,10.343,30.7096,23.0662,19.74,23.0256,11.6402,7.4358,13.5366,11.6882,27.928,56.9396,32.896,29.94,10.9966,5.602,7.484,6.1936,0.6822
10/21/2018,83,0.9248,3.6918,7.548,7.5298,9.3926,5.6452,7.511,6.6616,11.2682,26.012,21.4676,12.9402,29.9778,18.7848,7.866,2.882,24.3996,14.964,13.6948,9.4376,1.6222,0.8818,1.1044,0.672
10/22/2018,83,0.9018,0.9138,2.6828,8.7198,21.6244,18.34,22.8321,31.4579,24.9197,28.0082,30.1252,20.2031,33.9142,44.3799,29.3762,38.099,61.0081,29.5893,14.4568,9.3956,4.962,26.7558,26.9066,12.532
10/23/2018,83,3.0878,0.9138,0.9168,0.9138,7.8234,15.3222,21.1328,14.4816,9.306,14.798,29.6706,29.6352,41.4588,46.1256,34.3762,29.552,57.6346,33.4452,42.2908,36.5076,16.5102,22.3418,17.3564,8.316
10/24/2018,83,1.1178,0.9138,0.9028,0.8938,6.7024,26.564,44.4032,20.1429,6.3392,8.7268,9.0136,10.8642,25.9385,25.6438,46.8942,76.0638,114.6781,60.6098,63.1978,29.8226,15.9082,45.7778,46.4684,23.158
10/25/2018,83,19.4458,3.7978,2.7678,1.1288,1.9654,13.802,28.222,35.7606,3.0222,1.5638,21.6426,13.9752,23.002,64.8226,52.846,42.302,49.0196,27.3182,35.7688,23.1596,17.1222,57.1258,63.0064,28.496
10/26/2018,83,24.3778,15.8678,14.4308,10.9618,9.9964,5.464,10.506,11.8194,8.1542,13.1978,26.6726,15.8142,23.9498,42.4436,19.3422,19.794,73.2586,45.116,52.13,36.8224,9.0112,2.6328,1.1114,0.6882
10/27/2018,83,0.9018,2.4268,4.3618,4.3118,6.1884,8.102,10.7518,23.1746,19.8932,32.0008,31.0616,13.962,15.554,27.9106,18.686,33.398,44.3896,7.546,2.314,1.0804,1.7302,0.8938,3.6764,8.9122
10/28/2018,83,14.0238,14.0978,14.1358,14.1346,17.0844,5.5532,7.8728,20.7716,22.9482,29.4638,26.3984,11.8782,13.9038,20.3916,23.2182,20.5848,30.2636,10.608,17.2658,5.9726,5.1022,6.2078,1.0938,0.682
10/29/2018,83,0.914,0.904,0.914,0.882,5.962,8.1,46.146,45.892,22.742,27.49,9.854,18.284,34.964,47.888,39.632,22.8,43.912,32.904,40.186,30.562,11.026,40.36,30.956,1.164
10/30/2018,83,0.926,0.916,0.926,0.904,4.848,6.442,10.806,5.2,0.878,3.752,18.272,6.99,35.194,57.136,45.9,58.732,84.414,50.938,46.786,34.324,12.944,41.746,49.96,14.208
10/31/2018,83,12.232,8.812,1.306,0.884,1.114,4.488,23.724,21.362,9.06,4.544,31.074,28.4,43.958,81.56,58.236,53.62,64.304,31.076,22.664,12.374,1.694,41.056,61.3,30.628
11/1/2018,83,32.2719,20.1758,14.3818,13.0267,20.2713,19.5045,23.7494,9.4961,2.3731,17.0094,30.8901,18.6379,32.8197,35.9624,36.8228,40.2236,71.9416,43.1559,37.7845,23.9325,15.5666,57.5633,60.3291,16.1049
11/2/2018,83,22.0688,17.8726,7.3044,4.3731,5.4254,3.2357,4.2894,5.5933,3.0884,1.1573,3.1408,13.5081,28.1292,30.6895,18.3945,23.1694,35.5109,23.2896,26.1836,19.4873,7.3804,7.8976,7.0246,3.3022
11/3/2018,83,3.7416,0.9136,0.8934,0.8937,1.1168,1.9123,7.5677,15.0265,10.3565,15.3132,14.7948,20.5342,27.2543,27.6445,5.2324,14.4573,34.1368,29.205,19.9673,4.3742,0.6843,0.9156,1.1253,1.1076
11/4/2018,83,0.9256,0.9143,0.9255,0.9154,1.1281,0.6744,0.9256,11.3572,13.9116,26.2603,26.2046,7.4889,2.9191,15.7253,21.0354,24.5437,12.5368,24.5088,25.1356,23.8327,8.7443,6.2648,9.3933,5.6363
11/5/2018,83,7.7479,7.4916,7.5114,5.5756,1.1233,0.6518,3.7912,33.5452,17.973,14.8831,9.0472,21.3277,36.9907,49.0408,33.8377,29.0795,37.6711,38.8115,42.8967,34.4818,20.9238,69.4564,51.6466,21.332
11/6/2018,83,16.3005,14.5955,17.3812,12.8482,9.2327,11.9005,23.8445,37.3431,29.158,24.0809,21.7436,8.6963,25.3903,33.1728,21.5157,41.122,67.3008,42.4867,39.341,29.0076,16.4829,56.885,37.5172,5.5075
11/7/2018,83,7.2922,7.2987,9.9063,10.7311,7.5244,8.2737,17.0072,23.0995,16.2207,27.0799,29.3282,13.9748,11.9796,26.4462,10.9067,31.6253,56.1452,39.113,59.7698,52.856,25.6216,72.662,64.1772,27.9944
11/8/2018,83,30.8065,27.0579,22.871,20.7331,13.4192,7.8003,14.1865,25.3885,4.5994,9.6954,11.6643,20.4245,19.9363,42.8478,29.3571,43.8887,58.9828,25.0793,41.4584,48.6503,13.9362,48.8884,49.1421,21.4017
11/9/2018,83,8.5478,7.6442,7.3535,3.1254,6.9063,7.4323,8.6815,9.3867,3.0839,9.1761,17.9364,10.7524,13.2134,28.1126,15.7587,36.1611,32.673,24.9896,35.6337,16.7212,0.8444,0.9056,7.1421,5.6927
11/10/2018,83,9.2777,14.1315,14.0971,14.3235,17.5027,10.4918,13.944,8.4368,10.1723,31.6876,33.9767,14.5741,16.1376,18.0352,12.3884,12.2853,26.2348,15.6962,20.7837,18.5988,19.7643,9.9474,3.5544,5.3963
11/11/2018,83,7.2293,4.0676,1.0856,0.9154,1.137,0.6744,0.9013,5.1943,8.5028,20.9913,11.3855,3.2091,14.9683,31.5665,19.0588,16.0456,29.9808,15.2516,13.7594,27.1736,19.9663,28.1794,20.1043,5.7144
11/12/2018,83,7.6193,7.6316,3.4475,4.3316,5.4047,6.6864,10.4796,9.7005,2.8744,7.9836,20.3907,11.5822,10.3856,9.2388,5.1823,15.5493,18.2888,34.8942,53.9102,55.7761,15.3084,13.6036,10.4013,5.6191
11/13/2018,83,2.3336,0.9033,0.9263,0.9037,1.1599,5.7329,20.0077,45.3201,14.4974,11.1531,17.7663,14.2419,29.2232,44.0195,19.8235,23.6493,34.1236,29.3973,38.9086,53.557,18.9366,51.1608,25.1005,5.7791
11/14/2018,83,7.7334,6.9123,4.6851,4.3313,4.6807,7.3544,20.5585,21.0096,12.0648,13.2609,20.112,18.2548,17.3646,27.0849,30.1173,50.4486,71.8875,42.1476,70.4071,73.9291,20.6241,60.8702,57.8248,26.0239
11/15/2018,83,28.7599,5.269,4.3512,4.343,3.0555,5.1672,14.041,19.8703,12.7236,18.3869,22.6534,8.1855,18.4573,32.9778,19.6899,41.6674,52.3595,28.9471,50.1572,32.509,15.6167,25.0683,87.1696,37.4626
11/16/2018,83,37.004,31.8381,26.1801,15.0458,9.0746,3.4737,6.2483,6.1619,2.6689,5.2719,15.2466,11.0758,12.6278,10.6319,0.7478,9.0223,18.5803,21.2723,36.4685,26.7032,11.0004,8.3921,3.5923,5.6056
11/17/2018,83,7.4742,7.5141,7.5118,7.4688,10.8738,10.3924,9.7739,9.136,11.6856,20.9201,14.2244,6.2743,17.9018,18.9605,15.8896,8.1778,3.6243,13.1504,23.8381,27.1776,6.8404,7.3981,9.6683,0.6816
11/18/2018,83,2.8481,2.8065,0.8942,0.9021,3.6556,5.7863,8.3182,27.6182,28.1677,32.7267,7.8216,7.5965,13.3558,13.8345,13.7276,20.6558,30.5384,14.4023,7.7482,4.2156,0.6664,2.3121,8.7163,4.3416
11/19/2018,83,1.0681,0.8918,0.8928,0.8961,2.3676,17.9564,30.7136,22.0645,15.1877,23.0557,7.8044,4.9923,8.9501,22.9107,15.2057,53.6198,63.9636,42.2622,71.036,53.3803,11.0117,15.3781,57.7182,24.7897
11/20/2018,83,29.7848,20.0401,14.7738,3.3841,1.1238,5.4244,16.4998,28.3023,19.5539,21.672,15.7207,15.1297,35.1437,52.6703,31.9274,65.6147,54.9343,41.7067,39.7083,26.3556,4.4164,10.6981,61.3242,22.5357
11/21/2018,83,26.7921,22.7579,12.1987,7.5501,7.1016,4.4284,8.3881,35.1976,27.2163,36.0961,37.2623,13.4636,7.2047,15.9335,9.5445,28.74,44.1584,43.2603,59.4478,54.3398,24.7624,14.0439,40.8542,22.7777
11/22/2018,83,26.526,24.7861,14.3168,12.4358,2.7659,0.6963,0.9041,1.6402,7.6936,19.7481,45.3202,27.0903,24.7001,24.0842,20.5997,27.106,14.7163,6.3023,5.8241,4.0416,3.0583,4.0781,10.4402,5.4037
11/23/2018,83,3.1308,0.9038,0.9841,1.0841,1.8443,3.2216,5.1961,9.9782,6.1364,10.736,16.5456,8.8063,5.0581,2.8561,1.4903,4.1341,10.6937,26.1383,37.4281,17.0124,3.2376,2.4098,4.9186,0.9103
11/24/2018,83,1.1099,0.9021,0.9041,0.9018,1.1146,1.1976,7.1318,1.2126,8.4343,16.5038,35.9598,14.2723,14.2238,12.2425,14.8857,21.2524,11.5479,5.6963,27.8239,20.5325,8.2077,8.0659,9.4683,5.6357
11/25/2018,83,8.4223,7.5477,7.5758,7.6134,9.066,0.6754,3.6258,26.6278,17.8861,21.1358,21.292,16.5814,26.0281,29.7764,20.7483,23.9698,23.2058,21.3002,14.8561,3.4264,5.6277,3.1999,1.1166,0.6816
11/26/2018,83,0.9027,0.9059,0.9041,0.9039,1.1143,4.6317,32.9381,50.5063,20.0483,17.3718,19.5618,8.84,6.7819,19.4359,25.4919,47.4324,54.2438,35.7124,72.8198,61.1143,10.5416,7.4808,63.7557,28.6703
11/27/2018,83,35.0141,29.1858,17.0641,14.5121,12.8763,4.5877,24.9919,39.7946,11.2983,12.3498,17.5904,13.2876,36.6041,41.2703,20.8179,33.5139,68.1544,64.0376,69.3209,54.2675,21.6064,6.3058,32.3606,17.5576
11/28/2018,83,17.4619,17.0441,8.7348,3.4358,2.7959,5.4844,18.4979,25.1223,6.8217,8.0801,17.2543,9.0163,20.4138,33.1418,19.1961,37.3541,63.8323,52.1343,41.3759,39.2365,13.1776,9.4839,75.6762,38.0364
11/29/2018,83,49.1081,48.4841,39.8578,25.7481,16.2699,10.922,13.2202,11.054,2.71,2.3678,15.0422,13.1699,12.7699,24.9822,19.57,35.6578,47.768,41.638,63.2281,47.9659,12.38,9.4781,55.138,18.578
11/30/2018,83,15.5461,11.048,10.9638,10.9161,5.1359,1.858,0.8742,12.5879,17.0441,18.5578,13.8742,6.626,24.8818,23.4302,12.232,29.1198,52.8402,32.8218,29.6141,26.916,11.876,1.9019,1.1482,0.672
12/1/2018,83,0,0,0,0,0,0,0,0,0,0,0,0,0,0,0,0,0,0,0,0,0,0,0,0
12/2/2018,83,0,0,0,0,0,0,0,0,0,0,0,0,0,0,0,0,0,0,0,0,0,0,0,0
12/3/2018,83,0,0,0,0,0,0,0,0,0,0,0,0,0,0,0,0,0,0,0,0,0,0,0,0
12/4/2018,83,0,0,0,0,0,0,0,0,0,0,0,0,0,0,0,0,0,0,0,0,0,0,0,0
12/5/2018,83,0,0,0,0,0,0,0,0,0,0,0,0,0,0,0,0,0,0,0,0,0,0,0,0
12/6/2018,83,0,0,0,0,0,0,0,0,0,0,0,0,0,0,0,0,0,0,0,0,0,0,0,0
12/7/2018,83,0,0,0,0,0,0,0,0,0,0,0,0,0,0,0,0,0,0,0,0,0,0,0,0
12/8/2018,83,0,0,0,0,0,0,0,0,0,0,0,0,0,0,0,0,0,0,0,0,0,0,0,0
12/9/2018,83,0,0,0,0,0,0,0,0,0,0,0,0,0,0,0,0,0,0,0,0,0,0,0,0
12/10/2018,83,0,0,0,0,0,0,0,0,0,0,0,0,0,0,0,0,0,0,0,0,0,0,0,0
12/11/2018,83,0,0,0,0,0,0,0,0,0,0,0,0,0,0,0,0,0,0,0,0,0,0,0,0
12/12/2018,83,0,0,0,0,0,0,0,0,0,0,0,0,0,0,0,0,0,0,0,0,0,0,0,0
12/13/2018,83,0,0,0,0,0,0,0,0,0,0,0,0,0,0,0,0,0,0,0,0,0,0,0,0
12/14/2018,83,0,0,0,0,0,0,0,0,0,0,0,0,0,0,0,0,0,0,0,0,0,0,0,0
12/15/2018,83,0,0,0,0,0,0,0,0,0,0,0,0,0,0,0,0,0,0,0,0,0,0,0,0
12/16/2018,83,0,0,0,0,0,0,0,0,0,0,0,0,0,0,0,0,0,0,0,0,0,0,0,0
12/17/2018,83,0,0,0,0,0,0,0,0,0,0,0,0,0,0,0,0,0,0,0,0,0,0,0,0
12/18/2018,83,0,0,0,0,0,0,0,0,0,0,0,0,0,0,0,0,0,0,0,0,0,0,0,0
12/19/2018,83,0,0,0,0,0,0,0,0,0,0,0,0,0,0,0,0,0,0,0,0,0,0,0,0
12/20/2018,83,0,0,0,0,0,0,0,0,0,0,0,0,0,0,0,0,0,0,0,0,0,0,0,0
12/21/2018,83,0,0,0,0,0,0,0,0,0,0,0,0,0,0,0,0,0,0,0,0,0,0,0,0
12/22/2018,83,0,0,0,0,0,0,0,0,0,0,0,0,0,0,0,0,0,0,0,0,0,0,0,0
12/23/2018,83,0,0,0,0,0,0,0,0,0,0,0,0,0,0,0,0,0,0,0,0,0,0,0,0
12/24/2018,83,0,0,0,0,0,0,0,0,0,0,0,0,0,0,0,0,0,0,0,0,0,0,0,0
12/25/2018,83,0,0,0,0,0,0,0,0,0,0,0,0,0,0,0,0,0,0,0,0,0,0,0,0
12/26/2018,83,0,0,0,0,0,0,0,0,0,0,0,0,0,0,0,0,0,0,0,0,0,0,0,0
12/27/2018,83,0,0,0,0,0,0,0,0,0,0,0,0,0,0,0,0,0,0,0,0,0,0,0,0
12/28/2018,83,0,0,0,0,0,0,0,0,0,0,0,0,0,0,0,0,0,0,0,0,0,0,0,0
12/29/2018,83,0,0,0,0,0,0,0,0,0,0,0,0,0,0,0,0,0,0,0,0,0,0,0,0
12/30/2018,83,0,0,0,0,0,0,0,0,0,0,0,0,0,0,0,0,0,0,0,0,0,0,0,0
12/31/2018,83,0,0,0,0,0,0,0,0,0,0,0,0,0,0,0,0,0,0,0,0,0,0,0,0
